entry_time,exit_time,type,entry_price,exit_price,pnl_pct,pnl_val,exit_reason,confidence,strike
2024-03-12 10:30:00-04:00,2024-03-12 11:30:00-04:00,CALL,516.1799926757812,515.0900268554688,-0.40064032541766403,-80.1280650835328,Stop Loss,0.9167218208312988,514
2024-03-12 09:30:00-04:00,2024-03-12 12:30:00-04:00,CALL,515.030029296875,514.9182739257812,-0.18769366817633695,-37.53873363526739,Stop Loss,0.8954424858093262,513
2024-03-18 10:30:00-04:00,2024-03-18 11:30:00-04:00,CALL,514.6799926757812,514.1699829101562,-0.20498939206628367,-36.173789306106215,Stop Loss,0.9579545855522156,512
2024-03-20 09:30:00-04:00,2024-03-20 11:30:00-04:00,CALL,516.3499755859375,515.75,-0.30491755502957174,-51.60177181294114,Stop Loss,0.9664468765258789,514
2024-03-20 10:30:00-04:00,2024-03-20 11:30:00-04:00,CALL,516.2100219726562,515.75,-0.2068287582602389,-35.002020093804504,Stop Loss,0.9625354409217834,514
2024-03-19 15:30:00-04:00,2024-03-20 12:30:00-04:00,CALL,515.760009765625,515.4249877929688,-0.18249043079520388,-30.883199122550252,Stop Loss,0.9535200595855713,513
2024-03-20 15:30:00-04:00,2024-03-21 09:30:00-04:00,CALL,520.4199829101562,523.75,1.1493041222681664,167.49324343522596,Take Profit (50%),0.9569444060325623,518
2024-03-25 10:30:00-04:00,2024-03-25 12:30:00-04:00,CALL,520.6199951171875,520.5150146484375,-0.1090487579771148,-19.545150528497317,Stop Loss,0.8233330845832825,518
2024-03-25 09:30:00-04:00,2024-03-25 14:30:00-04:00,CALL,520.43701171875,520.2949829101562,-0.14959509860522335,-26.812398185938946,Stop Loss,0.8856794834136963,518
2024-04-03 10:30:00-04:00,2024-04-03 14:30:00-04:00,PUT,520.8099975585938,518.530029296875,0.8210420880047304,139.54564593805213,Take Profit (50%),0.8800124526023865,523
2024-04-05 15:30:00-04:00,2024-04-08 09:30:00-04:00,PUT,518.4000244140625,519.5369873046875,-0.39030206863675937,-77.22936395357003,Stop Loss,0.9064739942550659,521
2024-04-08 15:30:00-04:00,2024-04-09 10:30:00-04:00,PUT,518.6699829101562,515.9500122070312,0.9644345054805169,175.93684847706476,Take Profit (50%),0.9062908291816711,521
2024-04-09 09:30:00-04:00,2024-04-09 10:30:00-04:00,PUT,517.5900268554688,515.9500122070312,0.537950866986359,98.1356221031607,Take Profit (50%),0.9569535851478577,520
2024-04-09 10:30:00-04:00,2024-04-09 11:30:00-04:00,PUT,515.9500122070312,517.260009765625,-0.47462083120506976,-112.59874871455756,Stop Loss,0.9519805312156677,518
2024-04-11 09:30:00-04:00,2024-04-11 10:30:00-04:00,PUT,512.5700073242188,513.5700073242188,-0.3522006885797626,-75.62439939034664,Stop Loss,0.9231451749801636,515
2024-04-10 15:30:00-04:00,2024-04-11 11:30:00-04:00,PUT,514.1599731445312,514.8399047851562,-0.2770696900721831,-59.4922996473162,Stop Loss,0.8989172577857971,517
2024-04-11 10:30:00-04:00,2024-04-11 11:30:00-04:00,PUT,513.5700073242188,514.8399047851562,-0.42689721295163935,-85.2064399441871,Stop Loss,0.9801687002182007,516
2024-04-12 09:30:00-04:00,2024-04-12 11:30:00-04:00,PUT,513.7999877929688,511.82000732421875,0.7007737854894676,119.59054763457695,Take Profit (50%),0.9648195505142212,516
2024-04-12 10:30:00-04:00,2024-04-12 11:30:00-04:00,PUT,513.530029296875,511.82000732421875,0.5626614684662409,96.02099071065257,Take Profit (50%),0.9766769409179688,516
2024-04-12 15:30:00-04:00,2024-04-15 09:30:00-04:00,PUT,510.82000732421875,512.5700073242188,-0.5738260403821894,-122.670983749376,Stop Loss,0.9742156863212585,513
2024-04-15 09:30:00-04:00,2024-04-15 11:30:00-04:00,PUT,512.5700073242188,510.6000061035156,0.6642557932269942,125.70583017039505,Take Profit (50%),0.9794890880584717,515
2024-04-15 10:30:00-04:00,2024-04-15 12:30:00-04:00,PUT,511.5801086425781,506.57000732421875,1.822522946765981,344.8999050724457,Take Profit (50%),0.9895679354667664,514
2024-04-16 09:30:00-04:00,2024-04-16 10:30:00-04:00,PUT,503.17999267578125,504.1820983886719,-0.32288112840744515,-91.4929701059784,Stop Loss,0.9810640811920166,506
2024-04-16 10:30:00-04:00,2024-04-16 11:30:00-04:00,PUT,504.1820983886719,504.4901123046875,-0.12236027119230594,-32.43350604791638,Stop Loss,0.9822106957435608,507
2024-04-15 15:30:00-04:00,2024-04-16 14:30:00-04:00,PUT,504.5,505.6199951171875,-0.48655235851681267,-137.87154613941058,Stop Loss,0.987136960029602,507
2024-04-16 15:30:00-04:00,2024-04-17 09:30:00-04:00,PUT,503.5,504.3800048828125,-0.31309472335171723,-72.32633686449918,Stop Loss,0.9753736257553101,506
2024-04-17 09:30:00-04:00,2024-04-17 10:30:00-04:00,PUT,504.3800048828125,502.0899963378906,0.7559411148782954,163.6910220279483,Take Profit (50%),0.9866808652877808,507
2024-04-17 15:30:00-04:00,2024-04-18 09:30:00-04:00,PUT,500.510009765625,502.0400085449219,-0.4929380798485131,-122.87841491190376,Stop Loss,0.9789779186248779,503
2024-04-17 10:30:00-04:00,2024-04-18 10:30:00-04:00,PUT,502.0899963378906,503.2099914550781,-0.41055073377430273,-102.34109611212963,Stop Loss,0.9726198315620422,505
2024-04-18 09:30:00-04:00,2024-04-18 10:30:00-04:00,PUT,502.0400085449219,503.2099914550781,-0.35722274654560254,-80.26863118172409,Stop Loss,0.9718393087387085,505
2024-04-18 10:30:00-04:00,2024-04-18 12:30:00-04:00,PUT,503.2099914550781,500.26910400390625,0.9509780435171942,178.95500848540473,Take Profit (50%),0.9827784895896912,506
2024-04-18 15:30:00-04:00,2024-04-19 10:30:00-04:00,PUT,499.5,497.8800048828125,0.5334355506079379,119.47407231693839,Take Profit (50%),0.9720760583877563,502
2024-04-23 09:30:00-04:00,2024-04-23 13:30:00-04:00,CALL,504.3299865722656,505.9200134277344,0.5141043406524914,127.42887050181184,Take Profit (50%),0.8904134035110474,502
2024-04-24 15:30:00-04:00,2024-04-25 09:30:00-04:00,CALL,505.4700012207031,499.6000061035156,-0.9863419303060271,-269.61809396848747,Stop Loss,0.8797012567520142,503
2024-04-25 15:30:00-04:00,2024-04-26 09:30:00-04:00,CALL,503.44000244140625,508.0799865722656,1.6489714336660204,361.83038778210135,Take Profit (50%),0.8915964961051941,501
2024-04-26 10:30:00-04:00,2024-04-26 15:30:00-04:00,CALL,508.2200012207031,508.239990234375,-0.12079926751501602,-35.248502338793855,Stop Loss,0.9090780019760132,506
2024-04-26 09:30:00-04:00,2024-04-29 09:30:00-04:00,CALL,508.0799865722656,510.2200012207031,0.7313921555900792,213.41584793705596,Take Profit (50%),0.9072544574737549,506
2024-05-03 09:30:00-04:00,2024-05-03 13:30:00-04:00,CALL,509.6700134277344,511.75,0.5639515445522949,184.65323101689347,Take Profit (50%),0.9700213670730591,507
2024-05-03 10:30:00-04:00,2024-05-03 13:30:00-04:00,CALL,509.7349853515625,511.75,0.5376181098649861,176.03094095357943,Take Profit (50%),0.9897255301475525,507
2024-05-03 15:30:00-04:00,2024-05-06 09:30:00-04:00,CALL,511.2900085449219,514.2999877929688,0.995252339346248,397.66731498812726,Take Profit (50%),0.9631494879722595,509
2024-05-06 09:30:00-04:00,2024-05-06 10:30:00-04:00,CALL,514.2999877929688,514.0999755859375,-0.15910589338068906,-76.22727930800284,Stop Loss,0.9543591737747192,512
2024-05-06 10:30:00-04:00,2024-05-06 15:30:00-04:00,CALL,514.0999755859375,516.5900268554688,0.7958179664680298,369.1420083574752,Take Profit (50%),0.9772794246673584,512
2024-05-07 15:30:00-04:00,2024-05-08 09:30:00-04:00,CALL,517.2000122070312,516.9000244140625,-0.1553090221214413,-83.50666676723836,Stop Loss,0.9292673468589783,515
2024-05-08 10:30:00-04:00,2024-05-08 11:30:00-04:00,CALL,517.030029296875,516.8300170898438,-0.13108291555979615,-68.29149688951355,Stop Loss,0.9377529621124268,515
2024-05-08 09:30:00-04:00,2024-05-08 12:30:00-04:00,CALL,516.9000244140625,516.2899780273438,-0.25867846031021774,-134.7661454753109,Stop Loss,0.9569796323776245,514
2024-05-08 15:30:00-04:00,2024-05-09 10:30:00-04:00,CALL,517.1900024414062,519.3400268554688,0.7447735559009587,357.76527753912,Take Profit (50%),0.9685431122779846,515
2024-05-09 10:30:00-04:00,2024-05-09 11:30:00-04:00,CALL,519.3400268554688,518.7999877929688,-0.22349410256141639,-123.35106918807116,Stop Loss,0.9670826196670532,517
2024-05-09 09:30:00-04:00,2024-05-09 14:30:00-04:00,CALL,518.0650024414062,519.6699829101562,0.5332343097078807,256.14862302037784,Take Profit (50%),0.9751625657081604,516
2024-05-09 15:30:00-04:00,2024-05-10 12:30:00-04:00,CALL,520.1300048828125,520.1099853515625,-0.13818114939614956,-79.93508989153156,Stop Loss,0.9553483128547668,518
2024-05-13 10:30:00-04:00,2024-05-13 12:30:00-04:00,CALL,521.1400146484375,520.8665161132812,-0.21470033855891996,-120.76752471007921,Stop Loss,0.9671965837478638,519
2024-05-14 09:30:00-04:00,2024-05-14 10:30:00-04:00,CALL,522.22998046875,521.9199829101562,-0.15713954239871808,-84.59448571067679,Stop Loss,0.9468496441841125,520
2024-05-14 10:30:00-04:00,2024-05-14 11:30:00-04:00,CALL,521.9199829101562,520.9500122070312,-0.30667429821498304,-159.90642045718573,Stop Loss,0.9766163229942322,519
2024-05-13 15:30:00-04:00,2024-05-14 14:30:00-04:00,CALL,520.9099731445312,523.44140625,0.7541257138490731,405.97596219536786,Take Profit (50%),0.9636511206626892,518
2024-05-14 15:30:00-04:00,2024-05-15 09:30:00-04:00,CALL,523.2849731445312,526.3900146484375,1.0994324363339059,627.3745318711946,Take Profit (50%),0.934108555316925,521
2024-05-15 09:30:00-04:00,2024-05-15 10:30:00-04:00,CALL,526.3900146484375,528.0800170898438,0.543804688533416,378.5477831212936,Take Profit (50%),0.9072096347808838,524
2024-05-15 10:30:00-04:00,2024-05-15 15:30:00-04:00,CALL,528.0800170898438,529.77001953125,0.5577253062035439,430.4631974140766,Take Profit (50%),0.9054679274559021,526
2024-05-17 09:30:00-04:00,2024-05-17 10:30:00-04:00,CALL,529.1699829101562,528.760009765625,-0.19330997205388062,-165.84294759925456,Stop Loss,0.966977596282959,527
2024-05-16 15:30:00-04:00,2024-05-17 11:30:00-04:00,CALL,528.6599731445312,528.5599975585938,-0.11602825744691492,-99.54203611616128,Stop Loss,0.968130886554718,526
2024-05-17 10:30:00-04:00,2024-05-17 13:30:00-04:00,CALL,528.760009765625,527.9099731445312,-0.3593541483464491,-296.3749711839431,Stop Loss,0.9542640447616577,526
2024-05-17 15:30:00-04:00,2024-05-20 09:30:00-04:00,CALL,529.4299926757812,531.280029296875,0.5952496545162451,443.79434658028003,Take Profit (50%),0.9416279196739197,527
2024-05-20 15:30:00-04:00,2024-05-21 12:30:00-04:00,CALL,530.02001953125,530.135009765625,-0.10141987448639415,-84.61651742012975,Stop Loss,0.9407881498336792,528
2024-05-21 09:30:00-04:00,2024-05-22 13:30:00-04:00,CALL,530.0150146484375,527.8099975585938,-1.0,-834.3188931029632,Stop Loss,0.8330281972885132,528
2024-05-29 09:30:00-04:00,2024-05-29 11:30:00-04:00,PUT,526.72998046875,526.8200073242188,-0.12600557299965867,-81.97063359935203,Stop Loss,0.9680526256561279,529
2024-05-29 10:30:00-04:00,2024-05-29 11:30:00-04:00,PUT,526.47998046875,526.8200073242188,-0.14775417854567305,-96.11879335188951,Stop Loss,0.9729203581809998,529
2024-05-29 15:30:00-04:00,2024-05-30 09:30:00-04:00,PUT,526.1099853515625,524.0,0.638690830122603,392.73988560058365,Take Profit (50%),0.9755398631095886,529
2024-05-30 09:30:00-04:00,2024-05-30 11:30:00-04:00,PUT,524.0,524.0399780273438,-0.13279271159271,-92.08668644951956,Stop Loss,0.9010605812072754,526
2024-05-30 10:30:00-04:00,2024-05-30 12:30:00-04:00,PUT,523.9500122070312,524.9650268554688,-0.48299944979505044,-334.9417174715558,Stop Loss,0.9103884696960449,526
2024-06-03 15:30:00-04:00,2024-06-04 09:30:00-04:00,CALL,527.760009765625,527.0,-0.2600023226548209,-158.09603001015478,Stop Loss,0.9539093375205994,525
2024-06-04 09:30:00-04:00,2024-06-04 10:30:00-04:00,CALL,527.0,525.8599853515625,-0.3446523250963059,-198.6703578159753,Stop Loss,0.9328075051307678,524
2024-06-04 15:30:00-04:00,2024-06-05 09:30:00-04:00,CALL,528.3499755859375,530.2650146484375,0.6302101294200819,338.235632037085,Take Profit (50%),0.9295845031738281,526
2024-06-05 09:30:00-04:00,2024-06-05 10:30:00-04:00,CALL,530.2650146484375,531.9149780273438,0.5398730422936919,326.272311325748,Take Profit (50%),0.9627943634986877,528
2024-06-05 10:30:00-04:00,2024-06-05 14:30:00-04:00,CALL,531.9149780273438,533.7000122070312,0.5071511252415385,339.5906924038213,Take Profit (50%),0.9856386780738831,529
2024-06-05 15:30:00-04:00,2024-06-06 10:30:00-04:00,CALL,534.6500244140625,534.4849853515625,-0.13105253221481653,-96.65421367011845,Stop Loss,0.9733867645263672,532
2024-06-06 09:30:00-04:00,2024-06-06 10:30:00-04:00,CALL,535.0599975585938,534.4849853515625,-0.25317394183929376,-186.72152194762918,Stop Loss,0.8469467759132385,533
2024-06-10 10:30:00-04:00,2024-06-10 12:30:00-04:00,CALL,534.3800048828125,534.3099975585938,-0.12054085408409063,-82.0699420932458,Stop Loss,0.9737772345542908,532
2024-06-10 09:30:00-04:00,2024-06-10 14:30:00-04:00,CALL,533.5900268554688,535.580078125,0.6109086756550653,415.9356594594592,Take Profit (50%),0.9801675081253052,531
2024-06-10 15:30:00-04:00,2024-06-11 09:30:00-04:00,CALL,535.6599731445312,533.719970703125,-0.5637011824232344,-421.4346544890167,Stop Loss,0.9446466565132141,533
2024-06-11 10:30:00-04:00,2024-06-11 11:30:00-04:00,CALL,534.4299926757812,533.8400268554688,-0.23234121666403798,-154.1197675051638,Stop Loss,0.9833974242210388,532
2024-06-11 09:30:00-04:00,2024-06-11 13:30:00-04:00,CALL,533.719970703125,536.2000122070312,0.7608969455747766,504.72861436782216,Take Profit (50%),0.9631089568138123,531
2024-06-11 15:30:00-04:00,2024-06-12 09:30:00-04:00,CALL,536.9099731445312,543.9099731445312,2.1825974640949903,1600.838128200257,Take Profit (50%),0.9284898638725281,534
2024-06-13 09:30:00-04:00,2024-06-13 11:30:00-04:00,CALL,541.0399780273438,539.751220703125,-0.5724845236375528,-603.182936814566,Stop Loss,0.9253336191177368,539
2024-06-13 10:30:00-04:00,2024-06-13 11:30:00-04:00,CALL,541.1900024414062,539.751220703125,-0.48691481301803013,-513.0247103075839,Stop Loss,0.9422577619552612,539
2024-06-13 15:30:00-04:00,2024-06-14 09:30:00-04:00,CALL,542.4099731445312,540.8699951171875,-0.4917504403321325,-408.3405187085545,Stop Loss,0.937543511390686,540
2024-06-14 10:30:00-04:00,2024-06-14 11:30:00-04:00,CALL,541.4299926757812,541.1199951171875,-0.14731044243986102,-110.2933167734077,Stop Loss,0.967087984085083,539
2024-06-14 09:30:00-04:00,2024-06-14 15:30:00-04:00,CALL,540.8699951171875,542.739990234375,0.5341100796680137,399.89542650884084,Take Profit (50%),0.9750775694847107,538
2024-06-14 15:30:00-04:00,2024-06-17 09:30:00-04:00,CALL,542.739990234375,542.3099975585938,-0.16720538264077786,-134.8735333746364,Stop Loss,0.9612579941749573,540
2024-06-17 09:30:00-04:00,2024-06-17 11:30:00-04:00,CALL,542.3099975585938,545.4099731445312,1.064748964817695,830.1413411263147,Take Profit (50%),0.9624977707862854,540
2024-06-17 10:30:00-04:00,2024-06-17 12:30:00-04:00,CALL,543.8200073242188,546.3499755859375,0.7566938253274513,589.9633131710864,Take Profit (50%),0.9543095231056213,541
2024-06-18 10:30:00-04:00,2024-06-20 09:30:00-04:00,CALL,547.0800170898438,549.0750122070312,0.6642654335156253,706.5659526151956,Take Profit (50%),0.7020167708396912,545
2024-06-21 15:30:00-04:00,2024-06-24 09:30:00-04:00,PUT,544.1300048828125,545.4400024414062,-0.39356937162402156,-474.2484698580099,Stop Loss,0.8361691832542419,547
2024-07-02 10:30:00-04:00,2024-07-02 11:30:00-04:00,CALL,546.0599975585938,545.8350219726562,-0.1400888388166026,-155.51873365926258,Stop Loss,0.9717572331428528,544
2024-07-01 15:30:00-04:00,2024-07-02 13:30:00-04:00,CALL,545.3699951171875,547.7249755859375,0.7649594567570301,849.2148769344469,Take Profit (50%),0.9411745667457581,543
2024-07-02 09:30:00-04:00,2024-07-02 13:30:00-04:00,CALL,545.3300170898438,547.7249755859375,0.7866084481682947,873.2483670948429,Take Profit (50%),0.9692913889884949,543
2024-07-02 15:30:00-04:00,2024-07-03 11:30:00-04:00,CALL,548.969970703125,551.139892578125,0.6137073766410837,873.6324228883041,Take Profit (50%),0.9817233681678772,546
2024-07-03 09:30:00-04:00,2024-07-03 11:30:00-04:00,CALL,549.1799926757812,551.139892578125,0.6399289661335862,910.959708875474,Take Profit (50%),0.9846557378768921,547
2024-07-03 10:30:00-04:00,2024-07-05 09:30:00-04:00,CALL,550.030029296875,552.094970703125,0.7002394858370674,996.8136963940556,Take Profit (50%),0.9828494191169739,548
2024-07-05 09:30:00-04:00,2024-07-05 12:30:00-04:00,CALL,552.094970703125,553.8648071289062,0.5661140984299157,1120.8004530537485,Take Profit (50%),0.9687411785125732,550
2024-07-05 10:30:00-04:00,2024-07-08 09:30:00-04:00,CALL,552.9099731445312,555.49169921875,0.7500769815621017,1485.0126910663191,Take Profit (50%),0.9816163778305054,550
2024-07-05 15:30:00-04:00,2024-07-08 11:30:00-04:00,CALL,554.7000122070312,554.5850219726562,-0.1272574811618263,-280.4721543130038,Stop Loss,0.963620662689209,552
2024-07-08 09:30:00-04:00,2024-07-08 11:30:00-04:00,CALL,555.49169921875,554.5850219726562,-0.3915365161111803,-979.2235622738922,Stop Loss,0.9685139060020447,553
2024-07-08 10:30:00-04:00,2024-07-08 11:30:00-04:00,CALL,555.3699951171875,554.5850219726562,-0.2920856092790361,-730.4991974897705,Stop Loss,0.9753988981246948,553
2024-07-09 09:30:00-04:00,2024-07-09 12:30:00-04:00,CALL,556.02001953125,556.0,-0.17205598133623237,-361.822950342334,Stop Loss,0.95342618227005,554
2024-07-09 10:30:00-04:00,2024-07-09 12:30:00-04:00,CALL,556.0499877929688,556.0,-0.15238769139038474,-320.46176870176055,Stop Loss,0.9808086156845093,554
2024-07-08 15:30:00-04:00,2024-07-10 09:30:00-04:00,CALL,555.3400268554688,557.3599853515625,0.6349191108811162,1335.1951158198985,Take Profit (50%),0.9708645939826965,553
2024-07-09 15:30:00-04:00,2024-07-10 10:30:00-04:00,CALL,555.8499755859375,557.6799926757812,0.517384279033249,1017.426049894998,Take Profit (50%),0.9745351076126099,553
2024-07-11 09:30:00-04:00,2024-07-11 10:30:00-04:00,CALL,559.77001953125,557.3200073242188,-0.6481491545847002,-1579.5425000917996,Stop Loss,0.9527445435523987,557
2024-07-11 10:30:00-04:00,2024-07-11 12:30:00-04:00,CALL,557.3200073242188,557.0800170898438,-0.1931337461730339,-409.6552443888777,Stop Loss,0.986078679561615,555
2024-07-11 15:30:00-04:00,2024-07-12 09:30:00-04:00,CALL,556.4199829101562,559.780029296875,1.123217326889608,2290.4255678403206,Take Profit (50%),0.9733455181121826,554
2024-07-12 09:30:00-04:00,2024-07-12 10:30:00-04:00,CALL,559.780029296875,561.7205200195312,0.5658960902557302,1413.1841297957417,Take Profit (50%),0.9097498059272766,557
2024-07-12 15:30:00-04:00,2024-07-15 09:30:00-04:00,CALL,559.9000244140625,562.7000122070312,0.8240672777902365,2290.813941655868,Take Profit (50%),0.9757176041603088,557
2024-07-17 09:30:00-04:00,2024-07-17 15:30:00-04:00,PUT,558.6900024414062,556.9500122070312,0.5565749210327208,1802.2173248279832,Take Profit (50%),0.9580211043357849,561
2024-07-17 10:30:00-04:00,2024-07-17 15:30:00-04:00,PUT,558.5999145507812,556.9500122070312,0.5147352717166348,1666.738455743718,Take Profit (50%),0.9721066951751709,561
2024-07-17 15:30:00-04:00,2024-07-18 09:30:00-04:00,PUT,556.9500122070312,558.8400268554688,-0.5995224287606624,-2357.2268536135853,Stop Loss,0.9726588726043701,559
2024-07-18 09:30:00-04:00,2024-07-18 10:30:00-04:00,PUT,558.8400268554688,553.8104858398438,1.8864736569641798,6527.945158894176,Take Profit (50%),0.9612793326377869,561
2024-07-18 10:30:00-04:00,2024-07-18 12:30:00-04:00,PUT,553.8104858398438,554.3699951171875,-0.3110416465406528,-1482.4197100291203,Stop Loss,0.9379122853279114,556
2024-07-18 15:30:00-04:00,2024-07-19 10:30:00-04:00,PUT,552.6599731445312,549.64501953125,1.0393062032049716,4645.179801376235,Take Profit (50%),0.8613873720169067,555
2024-07-23 15:30:00-04:00,2024-07-24 09:30:00-04:00,PUT,553.72998046875,546.0399780273438,2.8779704385022455,15536.828915669234,Take Profit (50%),0.887245774269104,556
2024-07-24 09:30:00-04:00,2024-07-24 13:30:00-04:00,PUT,546.0399780273438,543.3599853515625,0.75749144961373,6443.148371137708,Take Profit (50%),0.9310816526412964,549
2024-07-24 10:30:00-04:00,2024-07-24 14:30:00-04:00,PUT,544.739990234375,541.6500244140625,1.0181665791235084,8660.425591829115,Take Profit (50%),0.9571171402931213,547
2024-07-26 15:30:00-04:00,2024-07-29 09:30:00-04:00,PUT,544.3800048828125,545.3699951171875,-0.35290029508153126,-4067.7466234144113,Stop Loss,0.9258820414543152,547
2024-07-29 09:30:00-04:00,2024-07-29 11:30:00-04:00,PUT,545.3699951171875,545.9962768554688,-0.2934305519460099,-3143.5414298688474,Stop Loss,0.9059830904006958,548
2024-07-29 10:30:00-04:00,2024-07-29 11:30:00-04:00,PUT,544.1500244140625,545.9962768554688,-0.5368666993870603,-5751.489409155635,Stop Loss,0.8423714637756348,547
2024-08-01 15:30:00-04:00,2024-08-02 09:30:00-04:00,PUT,543.0399780273438,530.47998046875,3.6840516639461844,32913.54502716271,Take Profit (50%),0.977927565574646,546
2024-08-02 09:30:00-04:00,2024-08-02 11:30:00-04:00,PUT,530.47998046875,532.719970703125,-0.696091918903444,-10801.098724906793,Stop Loss,0.9509267807006836,533
2024-08-02 10:30:00-04:00,2024-08-02 11:30:00-04:00,PUT,529.4199829101562,532.719970703125,-0.8507310775205177,-13200.59909777525,Stop Loss,0.9785499572753906,532
2024-08-02 15:30:00-04:00,2024-08-05 09:30:00-04:00,PUT,532.989990234375,514.6400146484375,5.968099537329444,63956.72798567969,Take Profit (50%),0.9753488898277283,535
2024-08-06 10:30:00-04:00,2024-08-06 11:30:00-04:00,PUT,522.4199829101562,525.97998046875,-0.904769718152034,-21269.124571834654,Stop Loss,0.9018647074699402,525
2024-08-09 15:30:00-04:00,2024-08-12 10:30:00-04:00,CALL,532.9099731445312,532.8900146484375,-0.15661142117777152,-3015.3887650020897,Stop Loss,0.9457326531410217,530
2024-08-12 09:30:00-04:00,2024-08-12 10:30:00-04:00,CALL,534.1900024414062,532.8900146484375,-0.5285574431412575,-10176.819568588366,Stop Loss,0.9607054591178894,532
2024-08-12 10:30:00-04:00,2024-08-12 13:30:00-04:00,CALL,532.8900146484375,532.6400146484375,-0.22995288221571974,-3820.784459779352,Stop Loss,0.9669799208641052,530
2024-08-12 15:30:00-04:00,2024-08-13 09:30:00-04:00,CALL,533.260009765625,537.47998046875,1.527704005620186,24216.175941902075,Take Profit (50%),0.9827427864074707,531
2024-08-13 09:30:00-04:00,2024-08-13 11:30:00-04:00,CALL,537.47998046875,539.6900024414062,0.7044994095652246,14579.325376327935,Take Profit (50%),0.972090482711792,535
2024-08-13 10:30:00-04:00,2024-08-13 12:30:00-04:00,CALL,538.698974609375,540.7449951171875,0.6161576883241575,12751.129808253245,Take Profit (50%),0.9841961860656738,536
2024-08-13 15:30:00-04:00,2024-08-14 09:30:00-04:00,CALL,542.010009765625,541.864990234375,-0.1156147119687203,-3024.5594290549816,Stop Loss,0.990576982498169,540
2024-08-14 10:30:00-04:00,2024-08-14 11:30:00-04:00,CALL,543.15771484375,542.64501953125,-0.2264886303345513,-5788.090811444665,Stop Loss,0.9873595833778381,541
2024-08-14 09:30:00-04:00,2024-08-14 15:30:00-04:00,CALL,541.864990234375,543.780029296875,0.548650274631811,14021.17893777791,Take Profit (50%),0.9906777143478394,539
2024-08-14 15:30:00-04:00,2024-08-15 09:30:00-04:00,CALL,543.780029296875,550.4000244140625,2.122846075129384,57746.476808709995,Take Profit (50%),0.9899539947509766,541
2024-08-15 09:30:00-04:00,2024-08-15 11:30:00-04:00,CALL,550.4000244140625,552.5800170898438,0.6943137928437856,26905.826359847662,Take Profit (50%),0.9827160835266113,548
2024-08-15 10:30:00-04:00,2024-08-15 14:30:00-04:00,CALL,551.385009765625,553.0700073242188,0.5087510208988447,19714.957083935253,Take Profit (50%),0.9871180057525635,549
2024-08-15 15:30:00-04:00,2024-08-16 10:30:00-04:00,CALL,553.0678100585938,552.6799926757812,-0.2732868466905476,-13138.493983858883,Stop Loss,0.9888977408409119,551
2024-08-16 09:30:00-04:00,2024-08-16 10:30:00-04:00,CALL,552.968017578125,552.6799926757812,-0.11693716011213015,-5621.851886499542,Stop Loss,0.9864051342010498,550
2024-08-16 10:30:00-04:00,2024-08-16 12:30:00-04:00,CALL,552.6799926757812,554.5900268554688,0.56288479635879,24949.175208051645,Take Profit (50%),0.9822773337364197,550
2024-08-16 15:30:00-04:00,2024-08-19 10:30:00-04:00,CALL,554.260009765625,556.5150146484375,0.7392575094832001,36455.45147787051,Take Profit (50%),0.9829297065734863,552
2024-08-19 09:30:00-04:00,2024-08-19 12:30:00-04:00,CALL,555.35498046875,557.1199951171875,0.5379681397252782,26529.14737126635,Take Profit (50%),0.9629180431365967,553
2024-08-19 10:30:00-04:00,2024-08-19 15:30:00-04:00,CALL,556.5150146484375,559.5599975585938,0.9781577568547659,55368.320007285285,Take Profit (50%),0.9706295728683472,554
2024-08-20 09:30:00-04:00,2024-08-20 10:30:00-04:00,CALL,559.1099853515625,557.969970703125,-0.41092799393802965,-29991.24553719222,Stop Loss,0.9374697804450989,557
2024-08-20 10:30:00-04:00,2024-08-21 09:30:00-04:00,CALL,557.969970703125,560.1594848632812,0.6146780522220368,41174.78580625873,Take Profit (50%),0.9866449236869812,555
2024-08-20 15:30:00-04:00,2024-08-21 13:30:00-04:00,CALL,558.6199951171875,561.2526245117188,0.8111467130079719,54335.42330789064,Take Profit (50%),0.9249607920646667,556
2024-08-22 10:30:00-04:00,2024-08-22 12:30:00-04:00,CALL,559.1683959960938,557.4801025390625,-0.6583418490482849,-56675.319721163556,Stop Loss,0.949383020401001,557
2024-08-26 10:30:00-04:00,2024-08-26 13:30:00-04:00,CALL,560.6400146484375,560.260009765625,-0.22586833350860308,-16884.316501392408,Stop Loss,0.9400076866149902,558
2024-08-27 15:30:00-04:00,2024-08-28 09:30:00-04:00,CALL,561.5317993164062,561.1099853515625,-0.1763646731490407,-12588.214157864728,Stop Loss,0.7566484212875366,559
2024-08-28 09:30:00-04:00,2024-08-28 10:30:00-04:00,CALL,561.1099853515625,558.3099975585938,-0.7624834151083365,-52503.395311175795,Stop Loss,0.8545203804969788,559
2024-08-29 15:30:00-04:00,2024-08-30 09:30:00-04:00,PUT,558.2999877929688,561.280029296875,-0.7432515294825949,-43374.47247975491,Stop Loss,0.9481663703918457,561
2024-08-30 10:30:00-04:00,2024-08-30 13:30:00-04:00,PUT,559.1900024414062,559.6699829101562,-0.22637707049963132,-11247.054877389695,Stop Loss,0.9549399614334106,562
2024-09-03 09:30:00-04:00,2024-09-03 13:30:00-04:00,PUT,557.1900024414062,553.0399780273438,1.2426850317856217,58944.80733697627,Take Profit (50%),0.9491733312606812,560
2024-09-03 10:30:00-04:00,2024-09-03 13:30:00-04:00,PUT,556.3800048828125,553.0399780273438,1.0207904289066656,48419.586318565125,Take Profit (50%),0.9746691584587097,559
2024-09-03 15:30:00-04:00,2024-09-04 09:30:00-04:00,PUT,552.1599731445312,552.489990234375,-0.13089842246046005,-9019.726464742038,Stop Loss,0.9445711374282837,555
2024-09-04 09:30:00-04:00,2024-09-04 14:30:00-04:00,PUT,552.489990234375,550.719970703125,0.5536416827782819,37150.66268113945,Take Profit (50%),0.9621490240097046,555
2024-09-04 10:30:00-04:00,2024-09-05 09:30:00-04:00,PUT,552.1400146484375,552.969970703125,-0.333553133679867,-22382.201956676538,Stop Loss,0.9700033068656921,555
2024-09-04 15:30:00-04:00,2024-09-05 09:30:00-04:00,PUT,550.8400268554688,552.969970703125,-0.6426476261824555,-47898.128441156325,Stop Loss,0.960509181022644,553
2024-09-05 09:30:00-04:00,2024-09-05 10:30:00-04:00,PUT,552.969970703125,547.9185791015625,1.973526294205464,119351.81484152382,Take Profit (50%),0.9325266480445862,555
2024-09-05 10:30:00-04:00,2024-09-05 11:30:00-04:00,PUT,547.9185791015625,548.5595092773438,-0.2825530377928726,-23832.441157703382,Stop Loss,0.9440860748291016,550
2024-09-05 15:30:00-04:00,2024-09-06 09:30:00-04:00,PUT,549.5700073242188,544.7000122070312,1.7106872828265756,136137.00665774656,Take Profit (50%),0.9466688632965088,552
2024-09-12 09:30:00-04:00,2024-09-12 10:30:00-04:00,CALL,555.7999877929688,554.9299926757812,-0.33161492303143303,-35419.02755624316,Stop Loss,0.9910246133804321,553
2024-09-11 15:30:00-04:00,2024-09-12 12:30:00-04:00,CALL,554.3599853515625,557.8400268554688,1.0008926774486377,106903.04585609683,Take Profit (50%),0.9703773260116577,552
2024-09-12 10:30:00-04:00,2024-09-12 12:30:00-04:00,CALL,554.9299926757812,557.8400268554688,0.7476361144204876,74557.18576054869,Take Profit (50%),0.9871832132339478,552
2024-09-12 15:30:00-04:00,2024-09-13 09:30:00-04:00,CALL,559.010009765625,561.1199951171875,0.5794752859009241,78817.87678604995,Take Profit (50%),0.9933285713195801,557
2024-09-13 10:30:00-04:00,2024-09-13 11:30:00-04:00,CALL,561.8499755859375,561.5700073242188,-0.15414199427930456,-23395.597471855785,Stop Loss,0.9565933346748352,559
2024-09-13 09:30:00-04:00,2024-09-13 13:30:00-04:00,CALL,561.1199951171875,561.409912109375,-0.11798566696599516,-17907.807568540476,Stop Loss,0.9671981334686279,559
2024-09-13 15:30:00-04:00,2024-09-16 09:30:00-04:00,CALL,561.9600219726562,561.4788208007812,-0.1710381833478237,-24547.201018346605,Stop Loss,0.9840919971466064,559
2024-09-16 09:30:00-04:00,2024-09-16 10:30:00-04:00,CALL,561.4788208007812,560.8300170898438,-0.2453131379235029,-34002.705875396685,Stop Loss,0.9685496091842651,559
2024-09-16 10:30:00-04:00,2024-09-16 15:30:00-04:00,CALL,560.8300170898438,562.8599853515625,0.5783387549216105,76230.16897990977,Take Profit (50%),0.9732471704483032,558
2024-09-17 10:30:00-04:00,2024-09-17 11:30:00-04:00,CALL,565.1400146484375,563.739990234375,-0.4745212718954152,-69780.67278093971,Stop Loss,0.9001715779304504,563
2024-09-17 15:30:00-04:00,2024-09-18 10:30:00-04:00,CALL,563.1099853515625,562.760009765625,-0.2568971014189376,-34192.68411850871,Stop Loss,0.9229549169540405,561
2024-09-18 09:30:00-04:00,2024-09-18 10:30:00-04:00,CALL,563.1300048828125,562.760009765625,-0.1835338397208437,-24428.125393279362,Stop Loss,0.9485751986503601,561
2024-09-18 10:30:00-04:00,2024-09-18 13:30:00-04:00,CALL,562.760009765625,565.9000244140625,0.952076425667668,115557.88786099097,Take Profit (50%),0.9705016016960144,560
2024-09-20 09:30:00-04:00,2024-09-20 10:30:00-04:00,CALL,567.219970703125,565.989990234375,-0.4841636939938422,-69954.95766369425,Stop Loss,0.9864697456359863,565
2024-09-20 10:30:00-04:00,2024-09-20 12:30:00-04:00,CALL,565.989990234375,568.219970703125,0.5068288530840305,66138.72149473219,Take Profit (50%),0.9817885160446167,563
2024-09-23 09:30:00-04:00,2024-09-23 10:30:00-04:00,CALL,569.7899780273438,569.7349853515625,-0.14155006330050557,-20343.988775959762,Stop Loss,0.9859970808029175,567
2024-09-23 10:30:00-04:00,2024-09-23 11:30:00-04:00,CALL,569.7349853515625,568.9400024414062,-0.33505952020184643,-46792.44402730113,Stop Loss,0.9820675849914551,567
2024-09-20 15:30:00-04:00,2024-09-24 09:30:00-04:00,CALL,568.0999755859375,568.2783813476562,-0.19580234219203735,-28141.284849903794,Stop Loss,0.9834426045417786,566
2024-09-23 15:30:00-04:00,2024-09-24 09:30:00-04:00,CALL,569.6199951171875,568.2783813476562,-0.4182352345714167,-54494.225855853074,Stop Loss,0.9796143174171448,567
2024-09-24 09:30:00-04:00,2024-09-24 11:30:00-04:00,CALL,568.2783813476562,570.5050048828125,0.7125471486852106,81065.44435970152,Take Profit (50%),0.910262405872345,566
2024-09-24 10:30:00-04:00,2024-09-25 12:30:00-04:00,CALL,569.8505249023438,569.75,-0.11505144975668842,-13089.234748835093,Stop Loss,0.9181139469146729,567
2024-09-25 10:30:00-04:00,2024-09-25 12:30:00-04:00,CALL,570.77001953125,569.75,-0.391659576313266,-50908.54725893418,Stop Loss,0.9378954172134399,568
2024-09-25 15:30:00-04:00,2024-09-26 09:30:00-04:00,CALL,570.0,572.6240234375,0.9244386878499558,108327.63557010666,Take Profit (50%),0.9335516691207886,568
2024-10-02 09:30:00-04:00,2024-10-02 10:30:00-04:00,PUT,568.3599853515625,569.52001953125,-0.37705472838331894,-52353.14160516311,Stop Loss,0.9246441125869751,571
2024-10-02 10:30:00-04:00,2024-10-03 09:30:00-04:00,PUT,569.52001953125,567.169921875,0.7283616862280732,93504.86273660415,Take Profit (50%),0.9542108774185181,572
2024-10-07 10:30:00-04:00,2024-10-07 11:30:00-04:00,CALL,571.6500244140625,570.9608764648438,-0.2453051639273989,-36078.977592395575,Stop Loss,0.8580601811408997,569
2024-10-08 10:30:00-04:00,2024-10-08 12:30:00-04:00,CALL,571.8400268554688,571.219970703125,-0.26605596576148854,-37211.15728423619,Stop Loss,0.940860390663147,569
2024-10-08 09:30:00-04:00,2024-10-08 14:30:00-04:00,CALL,570.8599853515625,572.8599853515625,0.5593062351128547,78225.76812089296,Take Profit (50%),0.923062264919281,568
2024-10-08 15:30:00-04:00,2024-10-09 10:30:00-04:00,CALL,573.1099853515625,575.7100219726562,0.8791788911209983,130175.67899764187,Take Profit (50%),0.9423357844352722,571
2024-10-09 09:30:00-04:00,2024-10-09 10:30:00-04:00,CALL,574.1099853515625,575.7100219726562,0.5039445375566698,74616.58032979735,Take Profit (50%),0.8638825416564941,572
2024-10-09 15:30:00-04:00,2024-10-10 09:30:00-04:00,CALL,577.1199951171875,575.9500122070312,-0.4139604543635608,-78248.26061494905,Stop Loss,0.924807608127594,575
2024-10-10 09:30:00-04:00,2024-10-10 13:30:00-04:00,CALL,575.9500122070312,575.3800048828125,-0.25609011528758696,-44399.33281669342,Stop Loss,0.9587862491607666,573
2024-10-10 10:30:00-04:00,2024-10-10 13:30:00-04:00,CALL,576.2940063476562,575.3800048828125,-0.4812414575813828,-83434.69101238732,Stop Loss,0.9544021487236023,574
2024-10-10 15:30:00-04:00,2024-10-11 09:30:00-04:00,CALL,576.10498046875,579.780029296875,1.310587686222938,193714.11175419696,Take Profit (50%),0.9588789939880371,574
2024-10-11 09:30:00-04:00,2024-10-11 10:30:00-04:00,CALL,579.780029296875,579.1799926757812,-0.2130185392845918,-39738.58327652552,Stop Loss,0.8519720435142517,577
2024-10-11 10:30:00-04:00,2024-10-11 11:30:00-04:00,CALL,579.1799926757812,578.75,-0.19919189541454113,-35576.103755219025,Stop Loss,0.9334945678710938,577
2024-10-11 15:30:00-04:00,2024-10-14 09:30:00-04:00,CALL,579.5499877929688,583.4299926757812,1.2477536879473756,213973.46701953464,Take Profit (50%),0.9520149230957031,577
2024-10-15 10:30:00-04:00,2024-10-15 11:30:00-04:00,CALL,582.3200073242188,582.1199951171875,-0.12173150053589628,-26084.82527882824,Stop Loss,0.8504446148872375,580
2024-10-16 09:30:00-04:00,2024-10-16 10:30:00-04:00,CALL,580.8099975585938,580.5999755859375,-0.10347079903179018,-21632.088714488986,Stop Loss,0.9476866126060486,578
2024-10-16 10:30:00-04:00,2024-10-16 13:30:00-04:00,CALL,580.5999755859375,582.6192016601562,0.5858585931026012,119947.66589530563,Take Profit (50%),0.9658891558647156,578
2024-10-16 15:30:00-04:00,2024-10-17 10:30:00-04:00,CALL,582.239990234375,584.02001953125,0.5348754261267957,122340.87304763682,Take Profit (50%),0.9246983528137207,580
2024-10-17 09:30:00-04:00,2024-10-17 13:30:00-04:00,CALL,583.8699951171875,582.640380859375,-0.4777919354690967,-109284.29250094711,Stop Loss,0.8233335614204407,581
2024-10-17 10:30:00-04:00,2024-10-17 13:30:00-04:00,CALL,584.02001953125,582.640380859375,-0.7396201081481923,-187268.82521212657,Stop Loss,0.8899407386779785,582
2024-10-22 09:30:00-04:00,2024-10-22 10:30:00-04:00,PUT,581.4099731445312,582.0780029296875,-0.24010400179094674,-46552.64578693273,Stop Loss,0.9575576186180115,584
2024-10-22 10:30:00-04:00,2024-10-22 12:30:00-04:00,PUT,582.0780029296875,582.6599731445312,-0.2415626865120758,-44586.38693250262,Stop Loss,0.9258177876472473,585
2024-10-23 09:30:00-04:00,2024-10-23 10:30:00-04:00,PUT,580.9921264648438,578.89990234375,0.7146453399386627,125532.83700809604,Take Profit (50%),0.8555984497070312,583
2024-10-28 10:30:00-04:00,2024-10-28 12:30:00-04:00,CALL,581.5900268554688,581.3300170898438,-0.18019913579800437,-36177.51729695866,Stop Loss,0.9211409091949463,579
2024-10-30 15:30:00-04:00,2024-10-31 09:30:00-04:00,PUT,579.9600219726562,571.989990234375,3.1227583931725844,604343.0487795527,Take Profit (50%),0.8979505300521851,582
2024-11-01 09:30:00-04:00,2024-11-01 11:30:00-04:00,PUT,575.4600219726562,573.3900146484375,0.5279907663578157,165998.82182789932,Take Profit (50%),0.9027485847473145,578
2024-11-01 10:30:00-04:00,2024-11-01 13:30:00-04:00,PUT,575.2000122070312,571.9201049804688,0.8941813110916346,281128.10601908434,Take Profit (50%),0.9466753602027893,578
2024-11-05 15:30:00-05:00,2024-11-06 09:30:00-05:00,CALL,576.6799926757812,588.8200073242188,3.990925490010712,1611625.874825868,Take Profit (50%),0.7783340215682983,574
2024-11-06 09:30:00-05:00,2024-11-06 10:30:00-05:00,CALL,588.8200073242188,588.1500244140625,-0.3134182181071302,-227587.93912387616,Stop Loss,0.9618832468986511,586
2024-11-06 10:30:00-05:00,2024-11-06 13:30:00-05:00,CALL,588.1500244140625,590.5499877929688,0.5265655951609863,358396.4352278089,Take Profit (50%),0.9876770377159119,586
2024-11-06 15:30:00-05:00,2024-11-07 09:30:00-05:00,CALL,591.0399780273438,594.27001953125,0.8471970937277515,637354.3931181575,Take Profit (50%),0.9838141202926636,589
2024-11-07 10:30:00-05:00,2024-11-07 12:30:00-05:00,CALL,594.6099853515625,594.8499755859375,-0.11840091519285928,-104166.7979636133,Stop Loss,0.9895674586296082,592
2024-11-07 09:30:00-05:00,2024-11-08 09:30:00-05:00,CALL,594.27001953125,597.3350219726562,0.755009543745092,664242.5565358975,Take Profit (50%),0.9848145246505737,592
2024-11-07 15:30:00-05:00,2024-11-08 10:30:00-05:00,CALL,595.5499877929688,597.9899291992188,0.5691197969067502,488843.73363353265,Take Profit (50%),0.9816405177116394,593
2024-11-08 09:30:00-05:00,2024-11-08 11:30:00-05:00,CALL,597.3350219726562,597.6400146484375,-0.11647332757291147,-115517.72172194929,Stop Loss,0.8837326169013977,595
2024-11-12 09:30:00-05:00,2024-11-12 10:30:00-05:00,CALL,597.9534301757812,597.1749877929688,-0.24947263560836777,-266052.76126458205,Stop Loss,0.8783102631568909,595
2024-11-12 10:30:00-05:00,2024-11-12 11:30:00-05:00,CALL,597.1749877929688,596.4924926757812,-0.2729587087089902,-276575.45155933325,Stop Loss,0.9341875314712524,595
2024-11-14 15:30:00-05:00,2024-11-15 09:30:00-05:00,PUT,593.3699951171875,586.8150024414062,2.1543895429954123,2063765.26769548,Take Profit (50%),0.8945554494857788,596
2024-11-18 15:30:00-05:00,2024-11-19 10:30:00-05:00,PUT,588.1500244140625,588.89990234375,-0.2572613039435411,-352625.01038147183,Stop Loss,0.9319059252738953,591
2024-11-19 10:30:00-05:00,2024-11-19 12:30:00-05:00,PUT,588.89990234375,589.5507202148438,-0.35864294194121593,-466294.32189391635,Stop Loss,0.8876206278800964,591
2024-11-21 10:30:00-05:00,2024-11-21 14:30:00-05:00,CALL,592.7249755859375,594.9000244140625,0.6162552116728027,743761.0298421353,Take Profit (50%),0.9532583951950073,590
2024-11-21 15:30:00-05:00,2024-11-22 11:30:00-05:00,CALL,593.6099853515625,595.6099853515625,0.568772990609998,771060.7728149048,Take Profit (50%),0.9711829423904419,591
2024-11-22 09:30:00-05:00,2024-11-22 11:30:00-05:00,CALL,593.6699829101562,595.6099853515625,0.546327198266377,740631.9896683039,Take Profit (50%),0.9715563654899597,591
2024-11-22 10:30:00-05:00,2024-11-25 09:30:00-05:00,CALL,594.5900268554688,599.1099853515625,1.4318468482284874,1941092.4139762348,Take Profit (50%),0.9804803133010864,592
2024-11-22 15:30:00-05:00,2024-11-25 09:30:00-05:00,CALL,595.489990234375,599.1099853515625,1.1568980980036547,1918131.263888556,Take Profit (50%),0.9838236570358276,593
2024-11-25 09:30:00-05:00,2024-11-25 10:30:00-05:00,CALL,599.1099853515625,597.989990234375,-0.39689740326418704,-964397.0820451011,Stop Loss,0.9456272125244141,597
2024-11-25 10:30:00-05:00,2024-11-25 11:30:00-05:00,CALL,597.989990234375,596.0399780273438,-0.5185454994591682,-1159965.706817887,Stop Loss,0.9607003927230835,595
2024-11-25 15:30:00-05:00,2024-11-26 10:30:00-05:00,CALL,597.4500122070312,599.5599975585938,0.6235628789198213,1250223.1065470972,Take Profit (50%),0.9511319398880005,595
2024-11-26 15:30:00-05:00,2024-11-27 09:30:00-05:00,CALL,600.739990234375,599.3499755859375,-0.4141786512319081,-933977.7461435993,Stop Loss,0.8763651847839355,598
2024-11-27 09:30:00-05:00,2024-11-27 10:30:00-05:00,CALL,599.3499755859375,598.4598999023438,-0.317852140048579,-657386.9616269313,Stop Loss,0.9792869091033936,597
2024-11-27 10:30:00-05:00,2024-11-27 11:30:00-05:00,CALL,598.4598999023438,598.219970703125,-0.1284103149032689,-248697.24679379002,Stop Loss,0.9822383522987366,596
2024-11-27 15:30:00-05:00,2024-11-29 09:30:00-05:00,CALL,598.7899780273438,601.41748046875,0.7610461212408127,1436093.5816346102,Take Profit (50%),0.9837225079536438,596
2024-11-29 09:30:00-05:00,2024-12-02 09:30:00-05:00,CALL,601.41748046875,603.2249755859375,0.51173885105198,1112631.885815788,Take Profit (50%),0.9116995930671692,599
2024-12-02 10:30:00-05:00,2024-12-02 13:30:00-05:00,CALL,603.280029296875,603.4000244140625,-0.10760038510558775,-257890.63155691093,Stop Loss,0.957830011844635,601
2024-11-29 10:30:00-05:00,2024-12-02 14:30:00-05:00,CALL,602.3300170898438,604.260009765625,0.5621117487692485,1222153.5530997082,Take Profit (50%),0.8503323197364807,600
2024-12-02 09:30:00-05:00,2024-12-03 09:30:00-05:00,CALL,603.2249755859375,602.4600219726562,-0.44833021869686124,-1074532.987333865,Stop Loss,0.9209343791007996,601
2024-12-02 15:30:00-05:00,2024-12-03 09:30:00-05:00,CALL,603.6699829101562,602.4600219726562,-0.37579468668070926,-973156.8261745758,Stop Loss,0.9433045387268066,601
2024-12-03 10:30:00-05:00,2024-12-03 11:30:00-05:00,CALL,603.4199829101562,603.0050048828125,-0.18135651281436702,-395367.92062584125,Stop Loss,0.9719589352607727,601
2024-12-03 09:30:00-05:00,2024-12-04 09:30:00-05:00,CALL,602.4600219726562,605.6300048828125,0.9893063056085366,2156746.2388893827,Take Profit (50%),0.986248791217804,600
2024-12-03 15:30:00-05:00,2024-12-04 10:30:00-05:00,CALL,603.8499755859375,606.3300170898438,0.695213156834201,1460632.7902836227,Take Profit (50%),0.9724041819572449,601
2024-12-04 10:30:00-05:00,2024-12-04 12:30:00-05:00,CALL,606.3300170898438,605.869873046875,-0.2773654431040568,-783407.9729400035,Stop Loss,0.9657283425331116,604
2024-12-04 09:30:00-05:00,2024-12-04 15:30:00-05:00,CALL,605.6300048828125,607.5800170898438,0.5413696458018563,1370929.1875449368,Take Profit (50%),0.937355101108551,603
2024-12-05 09:30:00-05:00,2024-12-05 12:30:00-05:00,CALL,607.1099853515625,607.2899780273438,-0.10698705486520801,-314752.2339414982,Stop Loss,0.8303062915802002,605
2024-12-17 10:30:00-05:00,2024-12-18 09:30:00-05:00,PUT,604.3900146484375,605.4000244140625,-0.44894589962229153,-1292522.0432965339,Stop Loss,0.9721007347106934,607
2024-12-17 15:30:00-05:00,2024-12-18 09:30:00-05:00,PUT,604.239990234375,605.4000244140625,-0.3550372432238099,-1022157.5994882344,Stop Loss,0.9715980887413025,607
2024-12-18 09:30:00-05:00,2024-12-18 10:30:00-05:00,PUT,605.4000244140625,605.6300048828125,-0.11599267283917257,-280247.4858475984,Stop Loss,0.9535205960273743,608
2024-12-27 09:30:00-05:00,2024-12-27 10:30:00-05:00,PUT,593.2100219726562,594.5189819335938,-0.39713430372621566,-937248.7584507777,Stop Loss,0.949766218662262,596
2024-12-27 10:30:00-05:00,2024-12-27 11:30:00-05:00,PUT,594.5189819335938,591.530029296875,0.937258750854882,2036269.5844583088,Take Profit (50%),0.9860388040542603,597
2024-12-27 15:30:00-05:00,2024-12-30 09:30:00-05:00,PUT,594.989990234375,584.77001953125,3.9110785713342646,10089933.014445897,Take Profit (50%),0.9863836765289307,597
2024-12-30 10:30:00-05:00,2024-12-30 11:30:00-05:00,PUT,587.989990234375,590.4400024414062,-0.7571221178125883,-3481111.5830260003,Stop Loss,0.9695064425468445,590
2024-12-30 15:30:00-05:00,2024-12-31 09:30:00-05:00,PUT,588.260009765625,589.6099853515625,-0.48443268213086965,-1890061.6653768118,Stop Loss,0.9793563485145569,591
2024-12-31 09:30:00-05:00,2024-12-31 10:30:00-05:00,PUT,589.6099853515625,586.9500122070312,0.5713638197614765,2013249.4622015394,Take Profit (50%),0.9593774080276489,592
2024-12-31 10:30:00-05:00,2024-12-31 14:30:00-05:00,PUT,586.9500122070312,587.2301025390625,-0.40561724754278994,-1592548.9291520184,Stop Loss,0.9486181139945984,589
2025-01-07 15:30:00-05:00,2025-01-08 09:30:00-05:00,PUT,588.719970703125,586.4749755859375,0.7240417485000911,2612144.1991999564,Take Profit (50%),0.978693962097168,591
2025-01-08 09:30:00-05:00,2025-01-08 10:30:00-05:00,PUT,586.4749755859375,588.1099853515625,-0.4935621578423903,-2038488.106378783,Stop Loss,0.9685751795768738,589
2025-01-08 10:30:00-05:00,2025-01-08 11:30:00-05:00,PUT,588.1099853515625,585.6300048828125,0.7058902595127845,2627646.251139918,Take Profit (50%),0.9818171262741089,591
2025-01-08 15:30:00-05:00,2025-01-10 09:30:00-05:00,PUT,589.4199829101562,581.8900146484375,2.5282464304459378,10739956.479825895,Take Profit (50%),0.9802231788635254,592
2025-01-10 09:30:00-05:00,2025-01-10 10:30:00-05:00,PUT,581.8900146484375,579.8599853515625,0.6155847205213176,3937266.149113207,Take Profit (50%),0.8996961116790771,584
2025-01-10 15:30:00-05:00,2025-01-13 09:30:00-05:00,PUT,580.510009765625,576.02001953125,1.3674352745823057,9822876.855290607,Take Profit (50%),0.8082574009895325,583
2025-01-15 10:30:00-05:00,2025-01-15 11:30:00-05:00,CALL,591.0200805664062,591.1199951171875,-0.17904913669152273,-1637942.6318423804,Stop Loss,0.945803165435791,589
2025-01-15 15:30:00-05:00,2025-01-16 09:30:00-05:00,CALL,592.760009765625,592.2827758789062,-0.2292104264437927,-2021731.7210715255,Stop Loss,0.946264922618866,590
2025-01-16 09:30:00-05:00,2025-01-16 12:30:00-05:00,CALL,592.2827758789062,592.260009765625,-0.22021144483950783,-1853315.2510402063,Stop Loss,0.9589440822601318,590
2025-01-16 10:30:00-05:00,2025-01-16 12:30:00-05:00,CALL,593.360107421875,592.260009765625,-0.5078327512006214,-4273956.71221246,Stop Loss,0.9589091539382935,591
2025-01-16 15:30:00-05:00,2025-01-17 09:30:00-05:00,CALL,591.7000122070312,596.969970703125,1.477692196627343,10625518.695544735,Take Profit (50%),0.9718806743621826,589
2025-01-17 10:30:00-05:00,2025-01-17 13:30:00-05:00,CALL,598.77001953125,598.447021484375,-0.26559802408314426,-2474237.0330281025,Stop Loss,0.9792673587799072,596
2025-01-17 09:30:00-05:00,2025-01-21 09:30:00-05:00,CALL,596.969970703125,600.35498046875,0.8176050586823391,7616580.437924052,Take Profit (50%),0.9685400724411011,594
2025-01-17 15:30:00-05:00,2025-01-21 09:30:00-05:00,CALL,597.5499877929688,600.35498046875,0.860126270762285,7587064.922599971,Take Profit (50%),0.954352855682373,595
2025-01-21 09:30:00-05:00,2025-01-21 12:30:00-05:00,CALL,600.35498046875,602.5900268554688,0.6728812330645569,7981449.682055369,Take Profit (50%),0.9725540280342102,598
2025-01-21 10:30:00-05:00,2025-01-21 14:30:00-05:00,CALL,600.780029296875,602.7100219726562,0.5253624057213215,6231639.99835613,Take Profit (50%),0.9852368235588074,598
2025-01-21 15:30:00-05:00,2025-01-22 09:30:00-05:00,CALL,602.9199829101562,606.7000122070312,1.096299588833312,16120230.762362707,Take Profit (50%),0.972244381904602,600
2025-01-22 10:30:00-05:00,2025-01-22 12:30:00-05:00,CALL,607.2374877929688,607.0662841796875,-0.192269668103789,-3447061.8568664175,Stop Loss,0.9677813649177551,605
2025-01-22 09:30:00-05:00,2025-01-22 15:30:00-05:00,CALL,606.7000122070312,606.3400268554688,-0.22768830641282556,-4082056.644870743,Stop Loss,0.9725899696350098,604
2025-01-22 15:30:00-05:00,2025-01-23 09:30:00-05:00,CALL,606.3400268554688,605.72998046875,-0.24122441107723278,-3961494.1018730476,Stop Loss,0.986896812915802,604
2025-01-23 09:30:00-05:00,2025-01-23 12:30:00-05:00,CALL,605.72998046875,607.9849853515625,0.6327396234155701,9889811.439189574,Take Profit (50%),0.8907065391540527,603
2025-01-28 10:30:00-05:00,2025-01-28 11:30:00-05:00,PUT,601.4199829101562,603.7200927734375,-0.6375583926785453,-11226195.953766841,Stop Loss,0.9151409268379211,604
2025-01-31 15:30:00-05:00,2025-02-03 09:30:00-05:00,PUT,601.7999877929688,596.3800048828125,1.9481006267770906,29928411.053862274,Take Profit (50%),0.8967821598052979,604
2025-02-10 10:30:00-05:00,2025-02-10 11:30:00-05:00,CALL,604.3099975585938,603.6286010742188,-0.2631503490495706,-5617878.206513917,Stop Loss,0.9114912748336792,602
2025-02-11 15:30:00-05:00,2025-02-12 09:30:00-05:00,CALL,605.2100219726562,601.4349975585938,-0.857348290857416,-17339846.620152656,Stop Loss,0.8940972089767456,603
2025-02-13 09:30:00-05:00,2025-02-13 12:30:00-05:00,CALL,606.0800170898438,606.2000122070312,-0.1338301698281825,-2242592.7392343543,Stop Loss,0.9583192467689514,604
2025-02-13 10:30:00-05:00,2025-02-13 12:30:00-05:00,CALL,606.6900024414062,606.2000122070312,-0.2482446813052899,-4159837.2068385035,Stop Loss,0.9617505073547363,604
2025-02-13 15:30:00-05:00,2025-02-14 11:30:00-05:00,CALL,609.6900024414062,609.3201293945312,-0.23321537348585436,-3609362.0119709,Stop Loss,0.9464521408081055,607
2025-02-18 10:30:00-05:00,2025-02-18 11:30:00-05:00,CALL,610.4099731445312,610.0349731445312,-0.1706148775921149,-2517362.1157151237,Stop Loss,0.9359216690063477,608
2025-02-14 15:30:00-05:00,2025-02-18 13:30:00-05:00,CALL,609.7000122070312,609.218994140625,-0.268617603079093,-3963357.634157235,Stop Loss,0.9396542310714722,607
2025-02-18 09:30:00-05:00,2025-02-18 13:30:00-05:00,CALL,609.6300048828125,609.218994140625,-0.25460330898561107,-3756581.6863189545,Stop Loss,0.9445928335189819,607
2025-02-21 09:30:00-05:00,2025-02-21 10:30:00-05:00,PUT,606.760009765625,606.9400024414062,-0.11743795823136058,-1492305.941194661,Stop Loss,0.9766419529914856,609
2025-02-21 10:30:00-05:00,2025-02-21 12:30:00-05:00,PUT,606.9400024414062,602.1599731445312,1.755007825503832,21777408.58858806,Take Profit (50%),0.9913219809532166,609
2025-02-21 15:30:00-05:00,2025-02-24 09:30:00-05:00,PUT,600.0,597.9500122070312,0.680863494646938,11414136.025165718,Take Profit (50%),0.9518969655036926,602
2025-02-24 09:30:00-05:00,2025-02-24 10:30:00-05:00,PUT,597.9500122070312,600.09619140625,-0.6356566235427106,-12107372.949145503,Stop Loss,0.9184542298316956,600
2025-02-24 10:30:00-05:00,2025-02-24 11:30:00-05:00,PUT,600.09619140625,601.0399780273438,-0.2919167778017256,-4853279.561425135,Stop Loss,0.9724910855293274,603
2025-02-26 09:30:00-05:00,2025-02-26 10:30:00-05:00,PUT,597.9400024414062,598.6500244140625,-0.31379564026302686,-4912440.282834865,Stop Loss,0.9756737947463989,600
2025-02-26 10:30:00-05:00,2025-02-26 12:30:00-05:00,PUT,598.6500244140625,593.9249877929688,1.5368908755350517,22549900.51488994,Take Profit (50%),0.9811156988143921,601
2025-02-26 15:30:00-05:00,2025-02-27 09:30:00-05:00,PUT,594.4299926757812,595.4500122070312,-0.35750391463897885,-6857781.290134195,Stop Loss,0.988137423992157,597
2025-02-27 10:30:00-05:00,2025-02-27 12:30:00-05:00,PUT,594.1212768554688,594.5900268554688,-0.23231964325893548,-4137807.693243947,Stop Loss,0.9396805167198181,597
2025-02-27 09:30:00-05:00,2025-02-27 13:30:00-05:00,PUT,595.4500122070312,590.7697143554688,1.4701191827895381,26184055.636449445,Take Profit (50%),0.9542959928512573,598
2025-03-03 10:30:00-05:00,2025-03-03 11:30:00-05:00,PUT,592.4000244140625,593.8099975585938,-0.462243756414065,-10271097.07902537,Stop Loss,0.9530918002128601,595
2025-03-03 15:30:00-05:00,2025-03-04 09:30:00-05:00,PUT,583.969970703125,574.510009765625,2.933596490198851,59158522.151171274,Take Profit (50%),0.9636994004249573,586
2025-03-04 15:30:00-05:00,2025-03-05 11:30:00-05:00,PUT,576.8800048828125,578.7000122070312,-0.9133721144087771,-29225691.185023416,Stop Loss,0.9617178440093994,579
2025-03-05 09:30:00-05:00,2025-03-05 11:30:00-05:00,PUT,575.8914794921875,578.7000122070312,-0.7922026742622671,-25348563.14167788,Stop Loss,0.9786561727523804,578
2025-03-05 10:30:00-05:00,2025-03-05 11:30:00-05:00,PUT,574.8499755859375,578.7000122070312,-0.9124284635011981,-29195496.64593436,Stop Loss,0.9788045883178711,577
2025-03-05 15:30:00-05:00,2025-03-06 09:30:00-05:00,PUT,583.030029296875,578.4609985351562,0.8728845622689527,13305923.285686523,Take Profit (50%),0.9625195264816284,586
2025-03-06 09:30:00-05:00,2025-03-06 10:30:00-05:00,PUT,578.4609985351562,578.489990234375,-0.2919521520830511,-5227347.160222735,Stop Loss,0.959401547908783,581
2025-03-06 10:30:00-05:00,2025-03-06 11:30:00-05:00,PUT,578.489990234375,572.5499877929688,1.2674427558693686,21368246.241449762,Take Profit (50%),0.95705246925354,581
2025-03-06 15:30:00-05:00,2025-03-07 10:30:00-05:00,PUT,572.8200073242188,567.6300048828125,1.4251010344688038,30116642.466366567,Take Profit (50%),0.9431747198104858,575
2025-03-07 09:30:00-05:00,2025-03-07 10:30:00-05:00,PUT,572.3599853515625,567.6300048828125,1.1931913004131673,25215696.93612413,Take Profit (50%),0.9779248237609863,575
2025-03-07 10:30:00-05:00,2025-03-07 11:30:00-05:00,PUT,567.6300048828125,568.0800170898438,-0.3093854202527501,-9962042.060574587,Stop Loss,0.9775182604789734,570
2025-03-07 15:30:00-05:00,2025-03-10 09:30:00-04:00,PUT,575.8599853515625,565.5150146484375,3.3474765341732655,101117381.17215231,Take Profit (50%),0.9645394086837769,578
2025-03-10 09:30:00-04:00,2025-03-10 10:30:00-04:00,PUT,565.5150146484375,565.1300048828125,-0.1476571242024747,-7446426.040452376,Stop Loss,0.9631182551383972,568
2025-03-10 10:30:00-04:00,2025-03-10 12:30:00-04:00,PUT,565.1300048828125,561.8400268554688,0.6728627272618287,32930734.92874413,Take Profit (50%),0.9838688969612122,568
2025-03-10 15:30:00-04:00,2025-03-11 09:30:00-04:00,PUT,560.75,555.9857788085938,1.247062031728052,69246093.63416412,Take Profit (50%),0.9732947945594788,563
2025-03-11 15:30:00-04:00,2025-03-12 09:30:00-04:00,PUT,556.1199951171875,559.010009765625,-0.7664299403901385,-53172306.30769782,Stop Loss,0.9480706453323364,559
2025-03-12 09:30:00-04:00,2025-03-12 11:30:00-04:00,PUT,559.010009765625,560.27001953125,-0.41916595774353826,-24622706.433099955,Stop Loss,0.9724540114402771,562
2025-03-12 10:30:00-04:00,2025-03-12 11:30:00-04:00,PUT,556.9000244140625,560.27001953125,-0.8782840713880641,-51592288.10247886,Stop Loss,0.9643059968948364,559
2025-03-20 15:30:00-04:00,2025-03-21 09:30:00-04:00,CALL,565.6900024414062,559.8800048828125,-0.9715761874489747,-42262732.11750186,Stop Loss,0.8702058792114258,563
2025-03-21 15:30:00-04:00,2025-03-24 09:30:00-04:00,CALL,564.1900024414062,573.1300048828125,3.354861336333131,117576473.9110931,Take Profit (50%),0.9205708503723145,562
2025-03-24 09:30:00-04:00,2025-03-24 11:30:00-04:00,CALL,573.1300048828125,573.25,-0.20640788202543436,-12087636.091130368,Stop Loss,0.919443666934967,571
2025-03-24 10:30:00-04:00,2025-03-24 11:30:00-04:00,CALL,573.7100219726562,573.25,-0.2602271222122812,-15239392.621433705,Stop Loss,0.9421749711036682,571
2025-03-27 15:30:00-04:00,2025-03-28 09:30:00-04:00,PUT,567.02001953125,559.5700073242188,2.2894386619382368,121561148.40668643,Take Profit (50%),0.935419499874115,570
2025-03-28 09:30:00-04:00,2025-03-28 11:30:00-04:00,PUT,559.5700073242188,556.8400268554688,0.9079310645946358,70281777.85368155,Take Profit (50%),0.9347835183143616,562
2025-03-28 10:30:00-04:00,2025-03-28 11:30:00-04:00,PUT,558.9400024414062,556.8400268554688,0.7311894412814203,56600435.743480265,Take Profit (50%),0.940089762210846,561
2025-04-03 09:30:00-04:00,2025-04-03 11:30:00-04:00,PUT,543.0700073242188,545.9199829101562,-0.7416687046703918,-76232535.4670664,Stop Loss,0.9702234268188477,546
2025-04-03 10:30:00-04:00,2025-04-03 11:30:00-04:00,PUT,541.72998046875,545.9199829101562,-0.9477459494345442,-97414217.76202077,Stop Loss,0.9870744943618774,544
2025-04-03 15:30:00-04:00,2025-04-04 09:30:00-04:00,PUT,537.6400146484375,516.2899780273438,4.56715387756947,310821347.36680865,Take Profit (50%),0.9655464887619019,540
2025-04-04 09:30:00-04:00,2025-04-04 10:30:00-04:00,PUT,516.2899780273438,516.3499755859375,-0.4675632862918137,-60886127.36139329,Stop Loss,0.9177696108818054,519
2025-04-04 10:30:00-04:00,2025-04-04 12:30:00-04:00,PUT,516.3499755859375,511.1600036621094,0.5380243275969286,63509926.07179396,Take Profit (50%),0.9146928787231445,519
2025-04-07 15:30:00-04:00,2025-04-08 09:30:00-04:00,PUT,504.5400085449219,523.3699951171875,-1.0,-130744837.20854157,Stop Loss,0.9508281350135803,507
2025-04-10 15:30:00-04:00,2025-04-11 09:30:00-04:00,CALL,524.7100219726562,520.6900024414062,-0.9496041370203047,-99324670.64582185,Stop Loss,0.9667854905128479,522
2025-04-11 15:30:00-04:00,2025-04-14 09:30:00-04:00,CALL,533.969970703125,542.1199951171875,0.7081726389410483,60004130.29047209,Take Profit (50%),0.9693211317062378,531
2025-04-16 15:30:00-04:00,2025-04-17 10:30:00-04:00,PUT,525.719970703125,526.7100219726562,-0.533329662811148,-51589917.84832976,Stop Loss,0.9560084342956543,528
2025-04-17 09:30:00-04:00,2025-04-17 10:30:00-04:00,PUT,525.280029296875,526.7100219726562,-0.5122012617023243,-49546130.38725852,Stop Loss,0.9405986666679382,528
2025-04-23 09:30:00-04:00,2025-04-23 10:30:00-04:00,CALL,543.8800048828125,538.5900268554688,-0.9703648287643486,-74237326.54837722,Stop Loss,0.9556010365486145,541
2025-04-23 10:30:00-04:00,2025-04-23 11:30:00-04:00,CALL,538.5900268554688,536.2999877929688,-0.7835386472588338,-48310710.33737329,Stop Loss,0.9894701242446899,536
2025-04-23 15:30:00-04:00,2025-04-24 09:30:00-04:00,CALL,535.3800048828125,542.2341918945312,1.193601755644903,62061257.244556665,Take Profit (50%),0.9693557620048523,533
2025-04-24 09:30:00-04:00,2025-04-24 10:30:00-04:00,CALL,542.2341918945312,542.47998046875,-0.3746027854685162,-24127115.07092142,Stop Loss,0.9457818269729614,540
2025-04-24 10:30:00-04:00,2025-04-24 15:30:00-04:00,CALL,542.47998046875,546.530029296875,0.5046092735780692,30065515.24562432,Take Profit (50%),0.9607325196266174,540
2025-04-25 09:30:00-04:00,2025-04-25 11:30:00-04:00,CALL,544.5599975585938,548.3300170898438,0.5057378931444003,33173814.467873283,Take Profit (50%),0.9440231919288635,542
2025-04-25 10:30:00-04:00,2025-04-25 12:30:00-04:00,CALL,546.4600219726562,550.9744262695312,0.6903944904446918,45286341.09905378,Take Profit (50%),0.9531404376029968,544
2025-04-25 15:30:00-04:00,2025-04-28 10:30:00-04:00,CALL,550.530029296875,547.2100219726562,-0.826073050397725,-67148923.44487916,Stop Loss,0.8918071389198303,548
2025-04-28 09:30:00-04:00,2025-04-28 10:30:00-04:00,CALL,550.9400024414062,547.2100219726562,-0.8327035543339331,-67687896.60348667,Stop Loss,0.9357428550720215,548
2025-04-28 10:30:00-04:00,2025-04-28 11:30:00-04:00,CALL,547.2100219726562,546.02001953125,-0.44466519466382454,-24154010.277339816,Stop Loss,0.9623588919639587,545
2025-04-29 15:30:00-04:00,2025-04-30 09:30:00-04:00,CALL,554.1400146484375,546.3099975585938,-0.9986968208742125,-49424248.50909372,Stop Loss,0.9473848938941956,552
2025-04-30 10:30:00-04:00,2025-04-30 11:30:00-04:00,CALL,549.010009765625,548.0900268554688,-0.41894146161660284,-16591712.191458132,Stop Loss,0.9656996726989746,547
2025-04-30 15:30:00-04:00,2025-05-01 09:30:00-04:00,CALL,554.3499755859375,562.0317993164062,2.37830556340025,86298123.20871046,Take Profit (50%),0.9177354574203491,552
2025-05-01 09:30:00-04:00,2025-05-01 11:30:00-04:00,CALL,562.0317993164062,560.3099975585938,-0.6436226209371402,-34462885.03869036,Stop Loss,0.9712183475494385,560
2025-05-01 10:30:00-04:00,2025-05-01 11:30:00-04:00,CALL,563.260009765625,560.3099975585938,-0.8057611581431882,-43144621.17769904,Stop Loss,0.9826158285140991,561
2025-05-01 15:30:00-04:00,2025-05-02 09:30:00-04:00,CALL,558.4600219726562,566.2999877929688,2.161342546487254,82182181.06569873,Take Profit (50%),0.9707860350608826,556
2025-05-02 10:30:00-04:00,2025-05-02 13:30:00-04:00,CALL,564.6500244140625,567.6500244140625,0.5600381173908634,30499736.735296607,Take Profit (50%),0.8788551092147827,562
2025-05-07 09:30:00-04:00,2025-05-07 10:30:00-04:00,CALL,561.8200073242188,559.1608276367188,-0.6805988853740106,-41217106.626859285,Stop Loss,0.9529623985290527,559
2025-05-07 15:30:00-04:00,2025-05-08 09:30:00-04:00,CALL,561.219970703125,564.4299926757812,1.1147759247535665,58321324.82408941,Take Profit (50%),0.9156915545463562,559
2025-05-08 15:30:00-04:00,2025-05-09 09:30:00-04:00,CALL,564.9099731445312,564.469970703125,-0.17527255376552156,-11214095.67590259,Stop Loss,0.919081449508667,562
2025-05-09 09:30:00-04:00,2025-05-09 11:30:00-04:00,CALL,564.469970703125,563.8800048828125,-0.30913918238944793,-19085659.736228332,Stop Loss,0.9691239595413208,562
2025-05-09 10:30:00-04:00,2025-05-09 11:30:00-04:00,CALL,564.5499877929688,563.8800048828125,-0.2588543076337093,-15981168.089298092,Stop Loss,0.9738581776618958,562
2025-05-09 15:30:00-04:00,2025-05-12 09:30:00-04:00,CALL,564.280029296875,578.260009765625,5.18628349034419,283817885.71760714,Take Profit (50%),0.9816656708717346,562
2025-05-12 09:30:00-04:00,2025-05-12 10:30:00-04:00,CALL,578.260009765625,578.8499755859375,-0.11714002022980699,-13059740.79254599,Stop Loss,0.9542219638824463,576
2025-05-12 10:30:00-04:00,2025-05-12 11:30:00-04:00,CALL,578.8499755859375,579.2999877929688,-0.10392462612711321,-11314933.338707983,Stop Loss,0.9812344908714294,576
2025-05-12 15:30:00-04:00,2025-05-13 09:30:00-04:00,CALL,582.8300170898438,586.8200073242188,0.8561816212766624,91280397.08451885,Take Profit (50%),0.9437698721885681,580
2025-05-14 09:30:00-04:00,2025-05-14 10:30:00-04:00,CALL,587.52001953125,587.8599853515625,-0.11792389811580513,-14725090.730655685,Stop Loss,0.9691340327262878,585
2025-05-14 10:30:00-04:00,2025-05-14 11:30:00-04:00,CALL,587.8599853515625,587.9149780273438,-0.16141097294474885,-19679939.02377306,Stop Loss,0.971167266368866,585
2025-05-13 15:30:00-04:00,2025-05-14 12:30:00-04:00,CALL,586.8300170898438,586.3300170898438,-0.35784402754407646,-44683782.14427039,Stop Loss,0.9084420204162598,584
2025-05-14 15:30:00-04:00,2025-05-15 09:30:00-04:00,CALL,587.5499877929688,585.8900146484375,-0.49496160716596893,-53976391.98345821,Stop Loss,0.9813472032546997,585
2025-05-15 09:30:00-04:00,2025-05-15 10:30:00-04:00,CALL,585.8900146484375,588.3499755859375,0.701880516510237,68964249.91809559,Take Profit (50%),0.9926073551177979,583
2025-05-15 10:30:00-04:00,2025-05-15 12:30:00-04:00,CALL,588.3499755859375,590.6849975585938,0.7246333676820919,81194622.40468834,Take Profit (50%),0.9723531007766724,586
2025-05-15 15:30:00-04:00,2025-05-16 12:30:00-04:00,CALL,590.4000244140625,593.0900268554688,0.8409360399929476,107882145.980329,Take Profit (50%),0.9760715961456299,588
2025-05-16 09:30:00-04:00,2025-05-16 12:30:00-04:00,CALL,590.8900146484375,593.0900268554688,0.6072962873318826,77908929.58256304,Take Profit (50%),0.9209683537483215,588
2025-05-16 10:30:00-04:00,2025-05-16 12:30:00-04:00,CALL,590.9000244140625,593.0900268554688,0.606004173552494,77743166.66987786,Take Profit (50%),0.9606168866157532,588
2025-05-19 09:30:00-04:00,2025-05-19 11:30:00-04:00,CALL,592.25,593.9622192382812,0.5001328661778026,90521557.53143257,Take Profit (50%),0.8925291895866394,590
2025-05-21 15:30:00-04:00,2025-05-22 11:30:00-04:00,PUT,582.969970703125,584.3250122070312,-0.726594364647585,-144664451.42756897,Stop Loss,0.9672759771347046,585
2025-05-22 09:30:00-04:00,2025-05-22 11:30:00-04:00,PUT,582.8400268554688,584.3250122070312,-0.6069838716984682,-120850082.38018773,Stop Loss,0.962372362613678,585
2025-05-22 10:30:00-04:00,2025-05-22 11:30:00-04:00,PUT,582.5499877929688,584.3250122070312,-0.5330617930833884,-106132246.0308473,Stop Loss,0.965338945388794,585
2025-05-27 10:30:00-04:00,2025-05-28 15:30:00-04:00,CALL,588.8099975585938,587.7100219726562,-0.5165145265029424,-64445504.23284589,Stop Loss,0.9060226082801819,586
2025-05-30 10:30:00-04:00,2025-05-30 11:30:00-04:00,CALL,589.1254272460938,585.0999755859375,-0.8909818852636945,-99683831.61571872,Stop Loss,0.8944564461708069,587
2025-05-30 15:30:00-04:00,2025-06-02 09:30:00-04:00,CALL,589.4600219726562,588.5900268554688,-0.3058037437096904,-28116852.19350277,Stop Loss,0.9137393832206726,587
2025-06-02 09:30:00-04:00,2025-06-02 13:30:00-04:00,CALL,588.5900268554688,591.5050048828125,0.8882085396713782,76670815.54123315,Take Profit (50%),0.9723591804504395,586
2025-06-02 10:30:00-04:00,2025-06-02 13:30:00-04:00,CALL,588.5399780273438,591.5050048828125,0.9149706667166528,78980942.06505427,Take Profit (50%),0.9870104789733887,586
2025-06-02 15:30:00-04:00,2025-06-03 10:30:00-04:00,CALL,592.6199951171875,594.969970703125,0.6906124578181365,81113184.75154883,Take Profit (50%),0.9855077862739563,590
2025-06-03 09:30:00-04:00,2025-06-03 11:30:00-04:00,CALL,593.89501953125,596.0750122070312,0.6015322376433094,70650615.94765368,Take Profit (50%),0.9214177131652832,591
2025-06-03 10:30:00-04:00,2025-06-04 09:30:00-04:00,CALL,594.969970703125,597.5850219726562,0.7241664804965797,96802031.13603601,Take Profit (50%),0.9594254493713379,592
2025-06-03 15:30:00-04:00,2025-06-04 11:30:00-04:00,CALL,596.1099853515625,595.9249877929688,-0.24422424522637065,-36097283.322271466,Stop Loss,0.9187435507774353,594
2025-06-04 15:30:00-04:00,2025-06-05 10:30:00-04:00,CALL,595.8900146484375,598.6600952148438,0.7867223776240548,125832151.75869888,Take Profit (50%),0.9185662865638733,593
2025-06-05 09:30:00-04:00,2025-06-05 10:30:00-04:00,CALL,596.1649780273438,598.6600952148438,0.8161952788589181,130546188.9927162,Take Profit (50%),0.9603119492530823,594
2025-06-05 10:30:00-04:00,2025-06-05 11:30:00-04:00,CALL,598.6600952148438,597.8900146484375,-0.2651132094205046,-55997335.67219767,Stop Loss,0.8965840339660645,596
2025-06-06 09:30:00-04:00,2025-06-06 10:30:00-04:00,CALL,599.1799926757812,598.219970703125,-0.3491060193572053,-69828534.74874337,Stop Loss,0.9584018588066101,597
2025-06-06 10:30:00-04:00,2025-06-06 12:30:00-04:00,CALL,598.219970703125,598.1900024414062,-0.14268842073023152,-26547935.791153103,Stop Loss,0.976346492767334,596
2025-06-09 09:30:00-04:00,2025-06-09 10:30:00-04:00,CALL,599.7100219726562,599.2150268554688,-0.18823702004270518,-34023032.874393165,Stop Loss,0.9743714928627014,597
2025-06-06 15:30:00-04:00,2025-06-09 12:30:00-04:00,CALL,599.0399780273438,600.8300170898438,0.5329867375094692,96335063.5692502,Take Profit (50%),0.9845632910728455,597
2025-06-09 10:30:00-04:00,2025-06-09 13:30:00-04:00,CALL,599.2150268554688,601.0499877929688,0.5383358988753667,93638737.51393,Take Profit (50%),0.9726303219795227,597
2025-06-09 15:30:00-04:00,2025-06-10 11:30:00-04:00,CALL,599.5499877929688,601.8790893554688,0.6835082972422017,144859917.7909904,Take Profit (50%),0.9793967008590698,597
2025-06-10 09:30:00-04:00,2025-06-10 13:30:00-04:00,CALL,601.1900024414062,600.9249877929688,-0.2642600305247678,-56006176.44543043,Stop Loss,0.8402541875839233,599
2025-06-17 10:30:00-04:00,2025-06-17 11:30:00-04:00,PUT,600.469970703125,601.1500244140625,-0.2924422552353684,-67175918.1359027,Stop Loss,0.952477753162384,603
2025-06-17 15:30:00-04:00,2025-06-18 09:30:00-04:00,PUT,597.5700073242188,600.7708129882812,-0.778989265292294,-168473117.04336882,Stop Loss,0.9559321999549866,600
2025-06-18 09:30:00-04:00,2025-06-18 12:30:00-04:00,PUT,600.7708129882812,598.875,0.587430011326569,107251091.5551216,Take Profit (50%),0.9298115968704224,603
2025-06-18 10:30:00-04:00,2025-06-18 14:30:00-04:00,PUT,600.0999755859375,596.9199829101562,0.9391045675830444,171458706.59592313,Take Profit (50%),0.9767231345176697,603
2025-06-18 15:30:00-04:00,2025-06-20 10:30:00-04:00,PUT,597.4600219726562,595.280029296875,0.6600572466112857,157304024.14356625,Take Profit (50%),0.9407217502593994,600
2025-06-23 15:30:00-04:00,2025-06-24 09:30:00-04:00,CALL,600.1199951171875,604.5999145507812,1.5861384204300164,427907731.86566746,Take Profit (50%),0.887465238571167,598
2025-06-24 09:30:00-04:00,2025-06-24 11:30:00-04:00,CALL,604.5999145507812,606.4920043945312,0.5286069447233736,187846350.94729334,Take Profit (50%),0.986577033996582,602
2025-06-24 10:30:00-04:00,2025-06-25 09:30:00-04:00,CALL,605.7550048828125,607.6900024414062,0.5258292964331187,186859282.76601475,Take Profit (50%),0.9901713728904724,603
2025-06-25 09:30:00-04:00,2025-06-25 10:30:00-04:00,CALL,607.6900024414062,607.1799926757812,-0.1934517055242399,-83242701.7046594,Stop Loss,0.9790864586830139,605
2025-06-25 10:30:00-04:00,2025-06-25 11:30:00-04:00,CALL,607.1799926757812,606.9749755859375,-0.13194508763539645,-54579573.30147976,Stop Loss,0.9790753722190857,605
2025-06-24 15:30:00-04:00,2025-06-25 13:30:00-04:00,CALL,606.760009765625,606.3798828125,-0.22710920924277173,-89238108.06835002,Stop Loss,0.9760473966598511,604
2025-06-25 15:30:00-04:00,2025-06-26 09:30:00-04:00,CALL,607.0800170898438,609.9450073242188,0.9610666648245692,369905103.09355605,Take Profit (50%),0.9855914115905762,605
2025-06-26 09:30:00-04:00,2025-06-26 15:30:00-04:00,CALL,609.9450073242188,611.8800048828125,0.5076146669548847,232929741.89392686,Take Profit (50%),0.9795548319816589,607
2025-06-26 10:30:00-04:00,2025-06-26 15:30:00-04:00,CALL,610.0900268554688,611.8800048828125,0.5192516470183397,238269616.6829393,Take Profit (50%),0.9899325370788574,608
2025-06-26 15:30:00-04:00,2025-06-27 09:30:00-04:00,CALL,611.8800048828125,614.905029296875,0.8625413917997561,477081177.52701616,Take Profit (50%),0.9900144338607788,609
2025-06-27 10:30:00-04:00,2025-06-27 12:30:00-04:00,CALL,615.3400268554688,615.3900146484375,-0.11032986061184005,-71551925.35049975,Stop Loss,0.979459822177887,613
2025-06-27 09:30:00-04:00,2025-06-27 13:30:00-04:00,CALL,614.905029296875,612.3300170898438,-0.8971868789393975,-581850173.935872,Stop Loss,0.9811570048332214,612
2025-06-27 15:30:00-04:00,2025-06-30 09:30:00-04:00,CALL,614.8499755859375,616.7000122070312,0.5001136661310012,258982296.0045542,Take Profit (50%),0.9794685244560242,612
2025-06-30 09:30:00-04:00,2025-06-30 10:30:00-04:00,CALL,616.7000122070312,616.2050170898438,-0.18895257417829855,-107635573.17208427,Stop Loss,0.9889012575149536,614
2025-06-30 10:30:00-04:00,2025-06-30 13:30:00-04:00,CALL,616.2050170898438,616.0449829101562,-0.2286611175910431,-125332865.89736187,Stop Loss,0.9901208877563477,614
2025-06-30 15:30:00-04:00,2025-07-01 09:30:00-04:00,CALL,617.9000244140625,617.1199951171875,-0.2521368132430348,-131880069.42174584,Stop Loss,0.9902790188789368,615
2025-07-01 09:30:00-04:00,2025-07-02 11:30:00-04:00,CALL,617.1199951171875,619.155029296875,0.6056332386580839,300802056.7986746,Take Profit (50%),0.9938236474990845,615
2025-07-01 10:30:00-04:00,2025-07-02 11:30:00-04:00,CALL,617.280029296875,619.155029296875,0.532824098313275,264639677.04225838,Take Profit (50%),0.991837203502655,615
2025-07-01 15:30:00-04:00,2025-07-02 12:30:00-04:00,CALL,617.5599975585938,619.47998046875,0.5281214525108886,262303996.89879763,Take Profit (50%),0.9854789972305298,615
2025-07-02 09:30:00-04:00,2025-07-03 09:30:00-04:00,CALL,618.5999755859375,625.0,2.03515433235679,1010807482.1521925,Take Profit (50%),0.9798685908317566,616
2025-07-02 10:30:00-04:00,2025-07-03 09:30:00-04:00,CALL,618.7899780273438,625.0,1.8847050804366232,936083306.6401585,Take Profit (50%),0.9678325057029724,616
2025-07-02 15:30:00-04:00,2025-07-03 09:30:00-04:00,CALL,620.3699951171875,625.0,1.5215078561950197,1007577150.6965181,Take Profit (50%),0.8434215188026428,618
2025-07-17 09:30:00-04:00,2025-07-17 13:30:00-04:00,CALL,625.4600219726562,627.8322143554688,0.6874043286091596,861397610.2919371,Take Profit (50%),0.7127373814582825,623
2025-07-17 15:30:00-04:00,2025-07-18 09:30:00-04:00,CALL,627.97998046875,627.3699951171875,-0.20457066488806364,-291594183.3740623,Stop Loss,0.758027195930481,625
2025-07-18 10:30:00-04:00,2025-07-18 11:30:00-04:00,CALL,627.60498046875,626.9600219726562,-0.234047859789244,-319961456.69928837,Stop Loss,0.7915642857551575,625
2025-07-17 10:30:00-04:00,2025-07-21 09:30:00-04:00,CALL,626.6699829101562,631.25,1.390360104697414,1742282993.8456123,Take Profit (50%),0.8285080790519714,624
2025-08-04 09:30:00-04:00,2025-08-04 10:30:00-04:00,PUT,629.4000244140625,629.0,-0.10204001985088108,-168523312.45184493,Stop Loss,0.7538127899169922,632
2025-08-11 10:30:00-04:00,2025-08-11 12:30:00-04:00,CALL,637.0900268554688,637.1849975585938,-0.12530534164589033,-202723579.24037552,Stop Loss,0.7320069670677185,635
2025-08-13 10:30:00-04:00,2025-08-13 11:30:00-04:00,CALL,643.6699829101562,643.27001953125,-0.16557296973496746,-261156916.39548564,Stop Loss,0.710871160030365,641
2025-08-12 15:30:00-04:00,2025-08-13 15:30:00-04:00,CALL,642.6300048828125,644.8800048828125,0.6139769343997629,968420891.299217,Take Profit (50%),0.7142079472541809,640
2025-08-15 09:30:00-04:00,2025-08-15 10:30:00-04:00,CALL,644.2100219726562,643.47802734375,-0.2805455369419842,-482186174.28525066,Stop Loss,0.7808842658996582,642
2025-08-15 10:30:00-04:00,2025-08-15 11:30:00-04:00,CALL,643.47802734375,643.2899780273438,-0.11617602287605146,-188473237.28136992,Stop Loss,0.708864688873291,641
2025-08-27 15:30:00-04:00,2025-08-28 09:30:00-04:00,CALL,646.5999755859375,645.9550170898438,-0.2337454742618589,-370396090.8865993,Stop Loss,0.7480987906455994,644
2025-08-28 09:30:00-04:00,2025-08-28 11:30:00-04:00,CALL,645.9550170898438,648.1500244140625,0.5677151280426503,857552815.435082,Take Profit (50%),0.7008613348007202,643
2025-09-08 09:30:00-04:00,2025-09-08 11:30:00-04:00,CALL,648.77001953125,648.6300048828125,-0.14574001462812092,-245141151.02185726,Stop Loss,0.7361595034599304,646
2025-09-08 10:30:00-04:00,2025-09-08 11:30:00-04:00,CALL,649.7999877929688,648.6300048828125,-0.3503492405788825,-589302919.4095407,Stop Loss,0.8491007685661316,647
2025-09-08 15:30:00-04:00,2025-09-09 10:30:00-04:00,CALL,648.7999877929688,648.77001953125,-0.11063535872904107,-167629763.22531867,Stop Loss,0.7020758390426636,646
2025-09-09 10:30:00-04:00,2025-09-10 09:30:00-04:00,CALL,648.77001953125,653.9400024414062,1.5248643403738456,2259283937.7064962,Take Profit (50%),0.7395452260971069,646
2025-09-10 10:30:00-04:00,2025-09-10 11:30:00-04:00,CALL,652.8200073242188,652.635009765625,-0.10246761826742211,-198119731.30989957,Stop Loss,0.7612037658691406,650
2025-09-10 15:30:00-04:00,2025-09-11 09:30:00-04:00,CALL,652.2249755859375,655.9600219726562,1.200533984306788,2273646060.9794264,Take Profit (50%),0.7545815706253052,650
2025-09-11 10:30:00-04:00,2025-09-11 12:30:00-04:00,CALL,657.4199829101562,657.1199951171875,-0.22814597643755768,-535821705.3672774,Stop Loss,0.7371334433555603,655
2025-09-12 15:30:00-04:00,2025-09-15 09:30:00-04:00,CALL,657.4000244140625,660.6799926757812,0.9953010017239227,2230894715.5341077,Take Profit (50%),0.8320379257202148,655
2025-09-18 09:30:00-04:00,2025-09-18 10:30:00-04:00,CALL,664.4000244140625,663.3250122070312,-0.35282299899339065,-948249251.7546294,Stop Loss,0.7616832852363586,662
2025-09-22 15:30:00-04:00,2025-09-23 10:30:00-04:00,CALL,666.780029296875,666.1500244140625,-0.29056564549200314,-725820276.216994,Stop Loss,0.7018353939056396,664
2025-10-02 10:30:00-04:00,2025-10-03 09:30:00-04:00,CALL,667.6699829101562,671.3831787109375,1.0646172460969594,2504823169.0953317,Take Profit (50%),0.7295482754707336,665
2025-10-06 15:30:00-04:00,2025-10-07 09:30:00-04:00,CALL,671.5800170898438,671.27001953125,-0.14692003881650254,-419274067.0736246,Stop Loss,0.7096885442733765,669
2025-10-13 10:30:00-04:00,2025-10-13 11:30:00-04:00,PUT,662.719970703125,663.489990234375,-0.3691157489119604,-1022414464.3925989,Stop Loss,0.7647733688354492,665
2025-10-16 15:30:00-04:00,2025-10-17 09:30:00-04:00,PUT,660.6699829101562,662.3099975585938,-0.5348125281426811,-1372018297.6229289,Stop Loss,0.7844196557998657,663
2025-10-17 09:30:00-04:00,2025-10-17 10:30:00-04:00,PUT,662.3099975585938,659.4199829101562,0.6763713402906295,1549577213.1968255,Take Profit (50%),0.8618975877761841,665
2025-10-20 09:30:00-04:00,2025-10-21 09:30:00-04:00,CALL,670.2650146484375,670.5999755859375,-0.14440455801344737,-375586280.8116679,Stop Loss,0.7351369261741638,668
2025-10-24 15:30:00-04:00,2025-10-27 09:30:00-04:00,CALL,677.1099853515625,683.030029296875,2.008212848290104,5072371464.4208355,Take Profit (50%),0.7234316468238831,675
2025-11-03 09:30:00-05:00,2025-11-03 10:30:00-05:00,PUT,680.4600219726562,682.0501098632812,-0.45537235348620386,-1612149261.6638484,Stop Loss,0.8468008041381836,683
2025-11-03 10:30:00-05:00,2025-11-03 11:30:00-05:00,PUT,682.0501098632812,682.7479858398438,-0.22420611014002542,-721463449.9425683,Stop Loss,0.8525116443634033,685
2025-11-04 09:30:00-05:00,2025-11-04 11:30:00-05:00,PUT,679.3200073242188,676.9299926757812,0.6527183061565607,2006172415.151699,Take Profit (50%),0.727904736995697,682
2025-11-05 10:30:00-05:00,2025-11-05 11:30:00-05:00,PUT,678.2899780273438,680.0458984375,-0.47829800900858477,-1661989875.5775838,Stop Loss,0.7288231253623962,681
2025-11-07 15:30:00-05:00,2025-11-10 09:30:00-05:00,PUT,670.9199829101562,678.8599853515625,-0.994731801957353,-3125847132.759197,Stop Loss,0.80656498670578,673
2025-11-13 15:30:00-05:00,2025-11-14 09:30:00-05:00,PUT,672.0499877929688,669.7899780273438,0.5956206433399643,1499315642.2155733,Take Profit (50%),0.7286573648452759,675
2025-11-14 10:30:00-05:00,2025-11-14 11:30:00-05:00,PUT,674.39501953125,675.0499877929688,-0.2322090840557272,-654155196.0184412,Stop Loss,0.8951888680458069,677
2025-11-14 15:30:00-05:00,2025-11-17 09:30:00-05:00,PUT,671.9500122070312,672.0599975585938,-0.11074381624898541,-297487192.2768593,Stop Loss,0.9667775630950928,674
2025-11-17 09:30:00-05:00,2025-11-17 11:30:00-05:00,PUT,672.0599975585938,672.3101196289062,-0.16111125639199927,-423201756.2175212,Stop Loss,0.891265332698822,675
2025-11-17 10:30:00-05:00,2025-11-17 11:30:00-05:00,PUT,670.4749755859375,672.3101196289062,-0.5102450562208833,-1340294953.4984126,Stop Loss,0.8753308653831482,673
2025-11-19 09:30:00-05:00,2025-11-19 10:30:00-05:00,PUT,666.25,662.010009765625,1.0889600366968404,2476368966.631141,Take Profit (50%),0.85882169008255,669
2025-11-19 10:30:00-05:00,2025-11-19 14:30:00-05:00,PUT,662.010009765625,663.5,-0.5783243049861025,-1601577558.438898,Stop Loss,0.8328306674957275,665
2025-11-19 15:30:00-05:00,2025-11-20 09:30:00-05:00,PUT,662.6500244140625,674.8300170898438,-0.9999775146376654,-2448971025.136279,Stop Loss,0.8281927704811096,665
2025-11-21 10:30:00-05:00,2025-11-21 11:30:00-05:00,PUT,655.9299926757812,660.3800048828125,-0.9308351908380108,-1823721987.7555637,Stop Loss,0.810670018196106,658
2025-11-21 15:30:00-05:00,2025-11-24 09:30:00-05:00,PUT,659.0800170898438,665.5449829101562,-0.974896197640986,-1554459790.9891813,Stop Loss,0.9068530201911926,662
2025-11-24 15:30:00-05:00,2025-11-25 09:30:00-05:00,CALL,668.8099975585938,668.5800170898438,-0.27307930930492547,-350523381.19597876,Stop Loss,0.7122954726219177,666
2025-11-24 09:30:00-05:00,2025-11-25 10:30:00-05:00,CALL,665.5449829101562,670.4199829101562,0.7708198882685146,989420964.2492049,Take Profit (50%),0.7054686546325684,663
2025-11-25 10:30:00-05:00,2025-11-25 11:30:00-05:00,CALL,670.4199829101562,673.3200073242188,0.715979624610706,1010515777.2021508,Take Profit (50%),0.7079123258590698,668
2025-12-09 15:30:00-05:00,2025-12-10 10:30:00-05:00,PUT,683.0499877929688,683.719970703125,-0.28037376710293904,-452376962.09589076,Stop Loss,0.7425761222839355,686
2025-12-10 09:30:00-05:00,2025-12-10 10:30:00-05:00,PUT,682.989990234375,683.719970703125,-0.28675384801344245,-462671083.5825126,Stop Loss,0.8195242881774902,685
2025-12-12 10:30:00-05:00,2025-12-12 11:30:00-05:00,PUT,681.27001953125,681.4600219726562,-0.10558369108089316,-151034154.18414092,Stop Loss,0.7829767465591431,684
2025-12-12 15:30:00-05:00,2025-12-15 09:30:00-05:00,PUT,681.72998046875,679.8200073242188,0.537052208332508,752013672.4266787,Take Profit (50%),0.8317782282829285,684
2025-12-15 09:30:00-05:00,2025-12-15 10:30:00-05:00,PUT,679.8200073242188,682.7899780273438,-0.7296564477233234,-1131452349.3403068,Stop Loss,0.7300952076911926,682
2025-12-15 10:30:00-05:00,2025-12-15 11:30:00-05:00,PUT,682.7899780273438,680.6500244140625,0.620560650166998,821854408.0630124,Take Profit (50%),0.9701781868934631,685
2025-12-15 15:30:00-05:00,2025-12-16 09:30:00-05:00,PUT,680.7100219726562,677.6900024414062,0.9209366134773006,1371039695.6618485,Take Profit (50%),0.9034441113471985,683
2025-12-16 10:30:00-05:00,2025-12-16 11:30:00-05:00,PUT,677.135009765625,677.3800048828125,-0.11449089944765273,-201842057.37038493,Stop Loss,0.7377305626869202,680
2025-12-16 09:30:00-05:00,2025-12-16 12:30:00-05:00,PUT,677.6900024414062,675.5900268554688,0.5887705699930099,1037974753.8000472,Take Profit (50%),0.8241326212882996,680
2025-12-17 09:30:00-05:00,2025-12-17 10:30:00-05:00,PUT,678.9299926757812,674.635009765625,1.4418382070166167,2783006388.484208,Take Profit (50%),0.9433149099349976,681
2025-12-17 10:30:00-05:00,2025-12-17 13:30:00-05:00,PUT,674.635009765625,672.469970703125,0.6106766499762933,1518618886.3525681,Take Profit (50%),0.831498384475708,677
2025-12-18 15:30:00-05:00,2025-12-19 09:30:00-05:00,PUT,676.47998046875,679.1900024414062,-0.6732517685753802,-1878712051.6646235,Stop Loss,0.797337532043457,679
2025-12-22 10:30:00-05:00,2025-12-22 12:30:00-05:00,CALL,684.6699829101562,684.7150268554688,-0.10851485124533532,-262037542.79957104,Stop Loss,0.737902045249939,682
2025-12-22 09:30:00-05:00,2025-12-23 10:30:00-05:00,CALL,683.77001953125,686.4920043945312,0.7191716382027936,1736628367.1139703,Take Profit (50%),0.7654057741165161,681
2025-12-22 15:30:00-05:00,2025-12-23 11:30:00-05:00,CALL,684.7899780273438,687.0700073242188,0.5784919435996869,1366603060.2918959,Take Profit (50%),0.8363519906997681,682
2025-12-23 09:30:00-05:00,2025-12-23 12:30:00-05:00,CALL,685.239990234375,687.5449829101562,0.6304558721709128,1489360282.0577502,Take Profit (50%),0.9258710145950317,683
2025-12-23 10:30:00-05:00,2025-12-24 09:30:00-05:00,CALL,686.4920043945312,689.1649780273438,0.7326909345291531,1985358116.41821,Take Profit (50%),0.926055908203125,684
2025-12-23 15:30:00-05:00,2025-12-24 10:30:00-05:00,CALL,687.9099731445312,689.9650268554688,0.5026337673339314,1649077488.9285812,Take Profit (50%),0.7736139893531799,685
2025-12-31 10:30:00-05:00,2025-12-31 12:30:00-05:00,PUT,685.1199951171875,685.3698120117188,-0.16954240946978913,-679485284.8340454,Stop Loss,0.9086620211601257,688
2025-12-31 09:30:00-05:00,2025-12-31 14:30:00-05:00,PUT,685.5499877929688,682.719970703125,0.8247953064788657,3305581627.0703654,Take Profit (50%),0.917368471622467,688
2026-01-12 10:30:00-05:00,2026-01-13 09:30:00-05:00,CALL,694.22998046875,692.72998046875,-0.7388013425270147,-3348971159.839341,Stop Loss,0.7081507444381714,692
2026-01-12 15:30:00-05:00,2026-01-13 09:30:00-05:00,CALL,695.1599731445312,692.72998046875,-0.6421677531342452,-2910933103.7074814,Stop Loss,0.7830210328102112,693
2026-01-14 09:30:00-05:00,2026-01-14 10:30:00-05:00,PUT,688.760009765625,689.1500244140625,-0.18184716408083249,-596640254.9575424,Stop Loss,0.80785071849823,691
2026-01-14 10:30:00-05:00,2026-01-14 11:30:00-05:00,PUT,689.1500244140625,687.0999145507812,0.5319389794279412,1681815700.3883681,Take Profit (50%),0.9208813309669495,692
2026-01-14 15:30:00-05:00,2026-01-15 09:30:00-05:00,PUT,690.4400024414062,693.9400024414062,-0.770258916747884,-2694391488.4394197,Stop Loss,0.8030297160148621,693
2026-01-16 09:30:00-05:00,2026-01-16 10:30:00-05:00,PUT,691.6500244140625,692.7150268554688,-0.34762341261878577,-1028671627.1802287,Stop Loss,0.7820646166801453,694
2026-01-16 15:30:00-05:00,2026-01-20 09:30:00-05:00,PUT,691.5800170898438,683.8787841796875,2.5060846495462097,6900305773.697983,Take Profit (50%),0.8666390776634216,694
2026-01-20 09:30:00-05:00,2026-01-20 12:30:00-05:00,PUT,683.8787841796875,680.2899780273438,1.158314178979126,4787870836.725426,Take Profit (50%),0.9059943556785583,686
2026-01-20 10:30:00-05:00,2026-01-20 12:30:00-05:00,PUT,683.8400268554688,680.2899780273438,1.1315839491001198,4677381912.028452,Take Profit (50%),0.8356679677963257,686
2026-01-21 09:30:00-05:00,2026-01-21 10:30:00-05:00,PUT,683.02001953125,684.22998046875,-0.34154569001110385,-2058336226.2085452,Stop Loss,0.7303962111473083,686
2026-01-21 10:30:00-05:00,2026-01-21 11:30:00-05:00,PUT,684.22998046875,679.8499755859375,1.2707525989054602,7135104708.455706,Take Profit (50%),0.8894274234771729,687
2026-01-21 15:30:00-05:00,2026-01-22 09:30:00-05:00,PUT,685.3300170898438,688.4400024414062,-0.7233016912681284,-5093408248.810556,Stop Loss,0.8185139298439026,688
2026-01-22 15:30:00-05:00,2026-01-23 12:30:00-05:00,CALL,688.9299926757812,688.9199829101562,-0.12315627136586353,-741795422.7024374,Stop Loss,0.7401379942893982,686
2026-01-23 15:30:00-05:00,2026-01-26 09:30:00-05:00,CALL,689.1799926757812,692.5499877929688,1.035299704841033,6082225849.096675,Take Profit (50%),0.7313300967216492,687
2026-01-27 10:30:00-05:00,2026-01-27 11:30:00-05:00,CALL,696.1900024414062,695.9732055664062,-0.14080830390339774,-998512616.7300797,Stop Loss,0.7589049935340881,694
